prompt_id,category,run_id,timestamp,model,source_index,url,domain,title
P01,Faktische Frage,P01_R01,2026-06-16T12:09:14.717269+00:00,gemini-2.5-flash,0,https://vertexaisearch.cloud.google.com/grounding-api-redirect/AUZIYQGjH6DgstZuhDPLC_WAlfyBF7YZEaFVl_RbApXs-62swqwf6wp6PhLKaFEEZOHPnrp5zH7WVYMOL-GtvvzSZYBrCbNsTX09nSYKXkTTH0esdkwEnJMYOfSxq2AixBOh5P6Lv18zUZGp-kow2L_05DyLPR0Deb1hoSuGK5O779niV4KA,wikipedia.org,wikipedia.org
P01,Faktische Frage,P01_R01,2026-06-16T12:09:14.717269+00:00,gemini-2.5-flash,1,https://vertexaisearch.cloud.google.com/grounding-api-redirect/AUZIYQENCk8wJFVrPPUw26HwSJ4H-H1CpRudgsECgb-WQEYJRATCfgpZeyyAPCyY577hY42RVrXm1reg8x7E3osao3dFavn_MKJvKFTbegdAb43Czsb9h9R71wlVcC5vH6gEIZdhBURPplm0Grl4SiNp-93S_abj5w5xB9hxfLIhsS1PA443LTZqT5MkElv6S1W_MajvkTp23WWpSuub9FMvsczysS6bgQaTcTWfRoeIAis=,helmholtz-klima.de,helmholtz-klima.de
P01,Faktische Frage,P01_R01,2026-06-16T12:09:14.717269+00:00,gemini-2.5-flash,2,https://vertexaisearch.cloud.google.com/grounding-api-redirect/AUZIYQGJ0IMij92W9yEaRKeH4MUCap3ELAyzDSAAE-IgvDbjQ0fsddRICaw0iCoFBm3paWAxh8cREjDrUKMPJRkQEr-dR4tduQaF6iI-SihI4wIoSsD3f_Ncho8mwvkua5QD2t60WnO-ZV_3-1eF1wRbOgv1furwfb1t8QPQpKw70QSrozUmP7nrvTmh4oKB5aOfDXCRCRYHxJhlIrd9CIEMN0-3uQ6xgLfvzbT0iHnFH6rqHB9kQL-zi0y6MkCVyTorbXbwwzSbLcffTfLQ8YD3cXsyQQjcAEAofmfZj6GyuEBDX6Sv2WpyHyVkk1Xn9ATgotlFAg==,ccca.ac.at,ccca.ac.at
P01,Faktische Frage,P01_R01,2026-06-16T12:09:14.717269+00:00,gemini-2.5-flash,3,https://vertexaisearch.cloud.google.com/grounding-api-redirect/AUZIYQHTUrCiHwNKmXACJbQCC4RbQVLwww7Ezn5SGPkE7J6l3_bUqd_xRfPf5fRo1Upe0Sfasnpntnz2SBqBXNBsRQrPUab2enJXfkdNUXGuIhPWmQVE0HDnDVFPBnxjikRZsRYisLBbTOJagzhMqLKh2xlAmG6O5gbrybzXezA6Stmbe-lkS7c3ZyifLoOAzzIXe8HtRniazxfNUn-oLLt4dg==,admin.ch,admin.ch
P01,Faktische Frage,P01_R01,2026-06-16T12:09:14.717269+00:00,gemini-2.5-flash,4,https://vertexaisearch.cloud.google.com/grounding-api-redirect/AUZIYQFFPaS1c_N3_0sEuPjm9yB7CpW6ibdTuZhBOcFvDZYHfU8PodDLRu_L7wn9NT2JxvyTZXahqrglvsnB4EGgszAZ6HFIwiSX-R5mkM6-mz0T5lxrG_LrCXo24e-rggsP_nOUYs210U59DlTYlmACLs5teDlp8CDQXXgeS45p6B62qH5WNC1Y7dvfUeYwH39c5FLCrgnEKljjOlx2mprrCR2NFmCY6ySqDj_hU6uONWaj6ubjcyxDi3c=,hamburg.de,hamburg.de
P01,Faktische Frage,P01_R01,2026-06-16T12:09:14.717269+00:00,gemini-2.5-flash,5,https://vertexaisearch.cloud.google.com/grounding-api-redirect/AUZIYQGlZBRUXf6qooeBLWIG_wnWfdp770BpkPPFOMxUENsQW5SKx5bHFy054kBGk33bjIwsUEzKqXDSq5t-rTCxL065KumWvgimxkd3bs82N7MyUentQYs_PUQ4pIrj1ANdRMLaKD3XHOwzBmCwYBCgO_b8sVSWUaGdWor0tTFQEkppcczqL-y96rlAO8A905dWcXzRrPl4uFu-iegruDvYT3wDG-m2AA==,esa.int,esa.int
P01,Faktische Frage,P01_R01,2026-06-16T12:09:14.717269+00:00,gemini-2.5-flash,6,https://vertexaisearch.cloud.google.com/grounding-api-redirect/AUZIYQF62NEkIYSegzLxgjceREUfAi4zYugO83Q-zFgThGUrdN899LiwZY2npQhnj3e5XMESXbXIxmtBcqKMWlBvbosxiDzMZ1Th2qEBkkO18AK10rxf7yTUEr1a72emd9_jTiWH-s_FlBGGi1_eqzEcaMXKMWw1P0EIuO_zMH3L6gv-EnI=,unicef.de,unicef.de
P01,Faktische Frage,P01_R01,2026-06-16T12:09:14.717269+00:00,gemini-2.5-flash,7,https://vertexaisearch.cloud.google.com/grounding-api-redirect/AUZIYQEpjESpDa7DGO0VL26Va6Tn1E5TIyMOYLoUIj8DNxFGMZzRMDxAJOvn0F2E6IiYj_tiKed2sWY-wHw3QFf1AisaD60YATFk3ckJlyCu6cLK8jR8qxrePjTIsY3YDk01upU-tSBtV4t8spWlo0kUBV237Fq53fYk9g==,welthungerhilfe.de,welthungerhilfe.de
P01,Faktische Frage,P01_R01,2026-06-16T12:09:14.717269+00:00,gemini-2.5-flash,8,https://vertexaisearch.cloud.google.com/grounding-api-redirect/AUZIYQHAus9EDwdpeLjIyUyFk4LuhtraPH_GpqgreaG0Ie7IqBDjdEbHqDSMrmCCdvEoKI9Oc9nEjFmiOxMZsFUh4swq1SdQZBuNr46APnGfwYnyutGsP20wElPoR98tN1Wk2FNiOIcN9n4IMw9OTIeDSkJLDh0=,care.de,care.de
P01,Faktische Frage,P01_R01,2026-06-16T12:09:14.717269+00:00,gemini-2.5-flash,9,https://vertexaisearch.cloud.google.com/grounding-api-redirect/AUZIYQFoCglF1eCeQtNNzm8m_HyKwci13n8rac8Ll658Np3k2hq89-JYzc6k0mAN4O1K-2E2es4WxfT4N_5o8dznuC_rC6Q2-a1GUO5kolofr5MzL07JvAO4t0svdPrtK9x68CP10VjO-3vjfql86uzprsxkgOIxcrW-F5c=,greenpeace.at,greenpeace.at
P01,Faktische Frage,P01_R01,2026-06-16T12:09:14.717269+00:00,gemini-2.5-flash,10,https://vertexaisearch.cloud.google.com/grounding-api-redirect/AUZIYQEnFFwSwIha4wBUa_Do6Ovsgb5-MF5lYpLkANdmNGaZnQlxLYQS4v8IwjCEjwLot7sPeAqGYnhIS-vlTr94kDq_e4-mgTsbol3WnNW8LjM6ozfRoiSZueTPY9U4cOz-2BD2Jrv89hcILy0cx-jynK7E_YuWR8Bj0UM7,planet-schule.de,planet-schule.de
P01,Faktische Frage,P01_R01,2026-06-16T12:09:14.717269+00:00,gemini-2.5-flash,11,https://vertexaisearch.cloud.google.com/grounding-api-redirect/AUZIYQECLl_x-Ru3E5D0m1_hbfSzN92U_58mfXwgMI8TrUJksqA5pnfpV3pbuOMi4dlXNZ7eFKJcpSYFnV40xQoyVL40HF--KiohNE9qsPhd-dHugDOM,mpg.de,mpg.de
P01,Faktische Frage,P01_R01,2026-06-16T12:09:14.717269+00:00,gemini-2.5-flash,12,https://vertexaisearch.cloud.google.com/grounding-api-redirect/AUZIYQGKgvkaRL8o77ndDSosvojfT4HgGkZE0QG5L96ByRwtirP3n38IR7yDIxtj8u4BqwAN4pZz1hPsVATAAcmFN53QX8eZCW58RhR0Fl26HD8EaAWrFJcfLotz,de-ipcc.de,de-ipcc.de
P01,Faktische Frage,P01_R01,2026-06-16T12:09:14.717269+00:00,gemini-2.5-flash,13,https://vertexaisearch.cloud.google.com/grounding-api-redirect/AUZIYQE3dpDJ7lzvUa2AQ3QZH2ZJiqBNkL04U-uVYYN2g_M_-vUcHtcNz_QJMY_ea0tL-Vk6T6qW9gAfZuWNrL4loK4XcNReeRuhjI2KQkg0VZ5c0lEI_Ni_IvWnr953VpDPzwbmROvWf9tvPerSBc1sanoUlKklwWYqDf7x,umweltbundesamt.de,umweltbundesamt.de
P01,Faktische Frage,P01_R01,2026-06-16T12:09:14.717269+00:00,gemini-2.5-flash,14,https://vertexaisearch.cloud.google.com/grounding-api-redirect/AUZIYQH9WNZ6t7dafH248zUSZ6IVhhj8Wsodq51UIFylr4sd8jucmSQlZE85N5xkyiJOMOUbrLnszKK0UrVdgJKBWz8PRVm_ph-XnCxxHPEMR27yVlw724u8rpkuKmsDQgN7iBYBHGzTT00xFtpncaet9DPUElzBPIKdA90mOT69OQePr2jIcCeiNfc732nJeOo=,pik-potsdam.de,pik-potsdam.de
P01,Faktische Frage,P01_R01,2026-06-16T12:09:14.717269+00:00,gemini-2.5-flash,15,https://vertexaisearch.cloud.google.com/grounding-api-redirect/AUZIYQGFuE-vXVysUIx8LfdmCGNe1Y5zTh9KkLBSMScLBhGTPJ8FKHzk2u5ui8jLyEaq3ficvfSVLlxqs067Dy-uwCFdggRiIyTaFbz6ROHy2U2529F5kjaC0MttXjR9SKJoUozS9lxaiBNLYpvyPYAPwSJZ49cJHzLXgkbGDf6NZztk6a9VN9bRjDTo0OsfoVub,europa.eu,europa.eu
P01,Faktische Frage,P01_R01,2026-06-16T12:09:14.717269+00:00,gemini-2.5-flash,16,https://vertexaisearch.cloud.google.com/grounding-api-redirect/AUZIYQGN-wRVFvgUzhwYMkY09Q_T9nmxt7aLsvBXl2R2mcro7UTIkjSB0yQZsr9OXCg_sIjdCpFp55XCtQaeCqn3We170s3_NTPgZvzHfmvE7LCJO-GIt3_DsDNAuZNO5nCeoeGF9K3rScaV2mbJ8FVNUgh4QmtaVssWWjgetp9fIhU=,scnat.ch,scnat.ch
P01,Faktische Frage,P01_R01,2026-06-16T12:09:14.717269+00:00,gemini-2.5-flash,17,https://vertexaisearch.cloud.google.com/grounding-api-redirect/AUZIYQHVv424honjJRz2PiV3K6gSrigQ8B5OTA8k2X2RYokUY3JM4XswwjGQL_4NrmTjoYYpqDY1bXsnFuzrH4xzfgQ5ARjW-FJZ0HWMf6e_791R57H6sySfgfyFiLHcEBtKkFVi3V0WeHq2l55BL3L4mbThNLQcHh-DBQaVFis=,wikipedia.org,wikipedia.org
P01,Faktische Frage,P01_R01,2026-06-16T12:09:14.717269+00:00,gemini-2.5-flash,18,https://vertexaisearch.cloud.google.com/grounding-api-redirect/AUZIYQEQ52vk4EQTtKTrNBGiqT1MdtINZSguRAlwWdkEgP-JHJ_K0O_pZRg1oSynhtyyyGcW5otPLMwkhwx_roSENFzW8920NuKP0FyX24XcZ44E6JUCcilNdsCU,de-ipcc.de,de-ipcc.de
P01,Faktische Frage,P01_R01,2026-06-16T12:09:14.717269+00:00,gemini-2.5-flash,19,https://vertexaisearch.cloud.google.com/grounding-api-redirect/AUZIYQE8FqVfmSaZ1f35txVIOD1AiSRgPzJqwn-Ayq7DjgeR8WUyB-_Bks7UxM5Dl5UN1cgd2Frh6fy_Zltbl8XdvtzGv0L5dxkPy5YTnqa4DtVQEGUB02eAlLT0R5Zz-Rj4hmGs3tFAcXiaOSqbLj-Lyy00MK4oJ6y6j18nT303YvvsCq-faN6JcQHaZjj46vE8u5g=,pik-potsdam.de,pik-potsdam.de
P01,Faktische Frage,P01_R02,2026-06-16T12:09:52.161692+00:00,gemini-2.5-flash,0,https://vertexaisearch.cloud.google.com/grounding-api-redirect/AUZIYQESS1hE4kX_xgcpKo6bRBP7mNhXSvE24ifr_6sChvY5FcgdbyA8qauNorJcf9Ap4XNSJiaDS_zcJTtpjiB68l9UVzG1sr49fdZlWKXGQDXIij-iC3T5uMK_b-PPo0ZiAkEbXsJA_LrY0TP3PG56OjJfelGWEgz6r6YmPIYPvECCV7ooz81w2ZYKe0pJFrB19-XHjAKMJvz5F094d2Eq-WerlFVEr728OA==,klimafakten.de,klimafakten.de
P01,Faktische Frage,P01_R02,2026-06-16T12:09:52.161692+00:00,gemini-2.5-flash,1,https://vertexaisearch.cloud.google.com/grounding-api-redirect/AUZIYQG6O4hGHAiuiye15L1QanX0fXubuySDLzWW8Y-5JkIgmhvwr-puunxzSGc1IoqbPWJJyNye4ttllMqWyaBFtXwhFzzqMXzqtU-InX8ZIWwvfb6yP3WQl19IPJr92L1AmVFURO2eCHkOpPejBaEeDUIqga_scbRDlvwKxYPr7TqdpnxHPw==,wikipedia.org,wikipedia.org
P01,Faktische Frage,P01_R02,2026-06-16T12:09:52.161692+00:00,gemini-2.5-flash,2,https://vertexaisearch.cloud.google.com/grounding-api-redirect/AUZIYQHfISSIsXMnQzvklhZZtQqWOAbohMr0qx_w5x9CghhJ8DuHIwjzDLpq-9e1FjODeAa3IPXp3IIoOrzvm_gq6AvnV9G72CcFGVSHs8ZgR4ApMtzp-gRRw8Fr1hjhYTwO4pOHeKWP9R22zeyItCG3yPZyWo6PSyYor4r-KuQ30H6eerHHFN1pGx1zzmvWczLqkRa3Zl3_8KQDttYpSt26N4pdFBqKT336l2ZxmKg6GoIi5R-t5Uo=,deutschesklimaportal.de,deutschesklimaportal.de
P01,Faktische Frage,P01_R02,2026-06-16T12:09:52.161692+00:00,gemini-2.5-flash,3,https://vertexaisearch.cloud.google.com/grounding-api-redirect/AUZIYQG_hFfDTQQqxOMGrC-wOkvemXVLVP0uWSG83KclZDv9LboOpBsJcTZoKpxH1znpkBPYH7OpZRhnCwlx1gVD9EZYBm04trTY62zUZDY_bXWeEnHSSSNCka7DVZTuXHVBOU6eVeGZYTf7CW1k8X0_afp7BJx-w-konXEgM0JMhvXD--IX4cwErk2xsM9-3CBaz5c=,umweltbundesamt.de,umweltbundesamt.de
P01,Faktische Frage,P01_R02,2026-06-16T12:09:52.161692+00:00,gemini-2.5-flash,4,https://vertexaisearch.cloud.google.com/grounding-api-redirect/AUZIYQEXQpZjFuBTAjSN31Y3BAXpN8Y51QCQUUWJc00CJPPG5QgvADQtl5QXV9Ws_fuDYbWEau_M4Jd2as48Z2RIJdEkJYZiNyqCWVubAMqcCSywDUeshK5UxinDqkwQ-r1O-BLTJDkex5FkRQ-pNA8jJ-RRHzUVlikgRPVgvRdAVuwSSfxCTsvzGxK0HQlpnAmu8nhHKe-S-N2_ce3n7PEetp4=,admin.ch,admin.ch
P01,Faktische Frage,P01_R02,2026-06-16T12:09:52.161692+00:00,gemini-2.5-flash,5,https://vertexaisearch.cloud.google.com/grounding-api-redirect/AUZIYQEjhnQsw1lDwdrygAZfVtEuukSAMRzZOYP1QvFy4JaMLjpxXfm1I0KYtdSKJRsYu2mFvrKnmZSOS6BEYjU8NjOttO0OMvHDVbBlhc-UYkZrVgGK3dF_7qbNxa34ZcfEax4dU8rlxyEcSf6YsCKnJ466g0eNoYvc7U_h4pp_a-dcfQfk,unicef.de,unicef.de
P01,Faktische Frage,P01_R02,2026-06-16T12:09:52.161692+00:00,gemini-2.5-flash,6,https://vertexaisearch.cloud.google.com/grounding-api-redirect/AUZIYQHaX6rzzbZ-dlDMRTsGoU8wCFE6rhQhZa5Aq5zC_y7Wbkcs6rqC_q4J0LGkg6U211adiuaD6d4-yKH8B-P-rreykMVXkrQmMEXHkCgcSgwQ3sAVPNKaOQk9LmE6jWq3PsVkldqMWMECTbbfpW7z7K8TooIP1r4ZHN8BYLldEyoo,europa.eu,europa.eu
P01,Faktische Frage,P01_R02,2026-06-16T12:09:52.161692+00:00,gemini-2.5-flash,7,https://vertexaisearch.cloud.google.com/grounding-api-redirect/AUZIYQHCL_svwg1DgEokM_vciwqJZg4pOycJN5bak8l79pZ8qpX9D7guFivMOgorKtpuWZhtrpScMBlhFZ1cbp7ulCIMBCsT7GVhRUv-mO9gd_pf299uW9bufoOyRkvI5wFjESXVPMB0-8m4ljWQApgCDEfg7N3NjxvPS6iO48OSp1AhH8GC4q-C5PB9yoj0MEO_4YOUOTdfKji8OQ2uUvt_C94aCbHFPkAFTLd5L5R4Bi47zMdsUnbLpbsW,hamburg.de,hamburg.de
P01,Faktische Frage,P01_R02,2026-06-16T12:09:52.161692+00:00,gemini-2.5-flash,8,https://vertexaisearch.cloud.google.com/grounding-api-redirect/AUZIYQGg39CJ3lzGobax6uCk_KVihnAjnwzUyUFmicfAlIca46MlA9WqV_oTM__drItQ-QDZdewzy8oza9xeSvTst_UcXPeTY_Oik0zdGJl3zmvMGags-CR1OYWhWy_UNklA6SU7BRbInZ7WVYyxykG-9-1Hp1BqPqjGCU-JYHwXYpAVxZG1XPTShNz9TTJE1GzQ7nTpyX2cldBc2F8mhkt968LtUi4qUnw=,esa.int,esa.int
P01,Faktische Frage,P01_R02,2026-06-16T12:09:52.161692+00:00,gemini-2.5-flash,9,https://vertexaisearch.cloud.google.com/grounding-api-redirect/AUZIYQHQKRXwreduSDjDTG5ByoxXmOVUBvWbNR0lB_o6kxpDsDwIvWB1k6JX3w_oiBh9SogoOxu9gt7LaKkbJym1k-qAqCxz7lSxDFjdedh1EJE3Z0FwIZsoZ443OhqJtI-eoOdwh74acOUUgYYUuhflEt-IU5O8XWw6gludOa5uKLuStYfRnJLdYo4sQzfHC3QFSVdoGMrOCCmxwBT3EyeAqp1PZpB8wvoJLO71gy332Qqg3UNw-PU=,pik-potsdam.de,pik-potsdam.de
P01,Faktische Frage,P01_R02,2026-06-16T12:09:52.161692+00:00,gemini-2.5-flash,10,https://vertexaisearch.cloud.google.com/grounding-api-redirect/AUZIYQFcYN5g7S8dQtk7WfTLysKwDd-1glZ2veglrrCzQaCcD-IdONnedDdfIeopoMAiN83P39uJzKr3Tm4ZX5ksuYMXgC_cq0ziehlrTy5NwjLcm_Be7v-eVgyo5aHXxXucXKaBfudfTwd25WNmztC6OoJKWlArfAA-oyGLEGEhtT_YQOBENEVeoq8sCFnQZe22Og==,europa.eu,europa.eu
P01,Faktische Frage,P01_R02,2026-06-16T12:09:52.161692+00:00,gemini-2.5-flash,11,https://vertexaisearch.cloud.google.com/grounding-api-redirect/AUZIYQGEh570xGLqoB89fRDyJ3b5oFVEVNdB1fDeWzo0Cra5AHUEVJwaL6GduPOWmeKCtg8XLxqWj4XxKj6RBBkvpxzB39402-ohwfuXzrGAdFr53uL8KhkXrtjdRZLog_oTnMelU5nd3POLVQfZ8BoSlpxSD9S3mVPV0IQEcGSHKkPE,scnat.ch,scnat.ch
P01,Faktische Frage,P01_R02,2026-06-16T12:09:52.161692+00:00,gemini-2.5-flash,12,https://vertexaisearch.cloud.google.com/grounding-api-redirect/AUZIYQF7S1oWaT61upqvUoXdadhytlkh776qqTXOLbYTq_s2WQ30idhzp61lhrGbxEwcDlxqfa1PLCG6bDP8nuT5k-KO1LvQ_xxOs65f4Qo5KXYKEiAx_Ul10zyPcv4J96wB_sWNyv2CsOd4rAMZjYog6c4OyXxxSHlxeip5N05M,wikipedia.org,wikipedia.org
P01,Faktische Frage,P01_R02,2026-06-16T12:09:52.161692+00:00,gemini-2.5-flash,13,https://vertexaisearch.cloud.google.com/grounding-api-redirect/AUZIYQE4gjCXHQRI0IDwwzgsnjhy_VG8npG9PaxniY4camgPh70Je-Dt1kEYmd-W5EvBSe_w6J6lFericLRvA5519hD-s_RRV91M_99xzXIxx1qgLwZtuPqYpZBwgw==,de-ipcc.de,de-ipcc.de
P01,Faktische Frage,P01_R02,2026-06-16T12:09:52.161692+00:00,gemini-2.5-flash,14,https://vertexaisearch.cloud.google.com/grounding-api-redirect/AUZIYQHPju3bLpaASxYbNMo_ubh2jWA0_bFcHgqQqy99X8bRodEdI7NOa9XqmrXMxlh3wwm1GBCpFA06RrLDTvWsdg3UsczmB0wnNUCd7sgY-S-FXqtoXWu8pYocLflXS3T8cbzdb997ogcWHGQuexIjMDGiFdvT-f3ymro3t0Jj4ACZ4C73s0kA,europa.eu,europa.eu
P01,Faktische Frage,P01_R02,2026-06-16T12:09:52.161692+00:00,gemini-2.5-flash,15,https://vertexaisearch.cloud.google.com/grounding-api-redirect/AUZIYQHQ-3g715dVKSwL5cbnlCAx4ZqHtq0Fo9wnUGNf5BNZZ7wlBf1IcRlG6Mt6P_LO4-ngjcYc63vO2ZV1Q5gJwx3zUkWRrGiWWC7xfbTvF0Rt2sBQoag0RO3U47oaEnFnjFnd87ty2vOicgUq5BUi5aB5nubYDJcsZik=,welthungerhilfe.de,welthungerhilfe.de
P01,Faktische Frage,P01_R02,2026-06-16T12:09:52.161692+00:00,gemini-2.5-flash,16,https://vertexaisearch.cloud.google.com/grounding-api-redirect/AUZIYQHydbuVA7ZcGdkoxTm9MhFmA-EBpMmTFsS_EmwTZ7yDFeehc9_StO3jlBdqlMIVrSKku7UMj6ciM_HdeBD3a2IR68upBjPX6oi7CXFzqezlihclXQ==,mpg.de,mpg.de
P01,Faktische Frage,P01_R02,2026-06-16T12:09:52.161692+00:00,gemini-2.5-flash,17,https://vertexaisearch.cloud.google.com/grounding-api-redirect/AUZIYQG1YGld0UvIzbucqRRPrPjCEe1rbqhD4-ba7gt27FeuXg3G9Q5e4RQufyVnx2VVh80mpS6Twk2MDPgUtw8nqrZzO1skpEQRRy4DOw9p3DGXNziVJF0gOle6RSGhuqjFwVAdIFvfMJXZMVdjZTo=,global2000.at,global2000.at
P01,Faktische Frage,P01_R02,2026-06-16T12:09:52.161692+00:00,gemini-2.5-flash,18,https://vertexaisearch.cloud.google.com/grounding-api-redirect/AUZIYQFpcFTu5T3sZW1rW0YR6BJexkG_hC27jpEPgznLTsAXBz2lfU-G5Xl_WNy8PyEnF6-xrKivf9aJ9d4OLhI5ILw46Y84-qus0GVZsOX1Tb3wCDNS8hqmsLbCPte5fSeak5fBedAYptuBJdF_-7jg0-M0OAduHzw=,wwf.de,wwf.de
P01,Faktische Frage,P01_R02,2026-06-16T12:09:52.161692+00:00,gemini-2.5-flash,19,https://vertexaisearch.cloud.google.com/grounding-api-redirect/AUZIYQEghU4XDhpE35alLvd7LzHa-9eEOLZ1h4Wg_kNKArm19IKT7kwzIti5fsEWnPCYP3X7eqeL16Prhv_txYej-_7mgt-RWdrNYryKRn-xhWx6J5I4cP1chJNZckose7uQ9ThvCmiRI6oJ6HyHvVkUCcZcbc8q1aCwT61oBRoO4I0d-9-bGjTuYP_cZB3jbumY,pik-potsdam.de,pik-potsdam.de
P02,Faktische Frage,P02_R01,2026-06-16T12:11:49.951507+00:00,gemini-2.5-flash,0,https://vertexaisearch.cloud.google.com/grounding-api-redirect/AUZIYQEHl2iGKUDItZ4syQkL5dlRZzxbrBZMeosYN-XL-LqA2qdu1_EL1WPq3nZt-kGoykrruVDfj6f2DNfPVJCuppO2H4mdPLJw-yClpk0tWdT5cOQpLfRMHKLt7jjsPtxOQ-KS9GvcmOkFmZGHbg==,dgb.de,dgb.de
P02,Faktische Frage,P02_R01,2026-06-16T12:11:49.951507+00:00,gemini-2.5-flash,1,https://vertexaisearch.cloud.google.com/grounding-api-redirect/AUZIYQEW_Ifu_PVde8Kegxvn2ZGYvLxO5w_58cCtNBoyZxlczfZGO2e7WuBoW4DaghHtMRozF1UZgi0Tt0jOCOCF9nWdoWk_IGC9fVMoWbC4egi9Ovzb-kVJj9ZQzEPFty9c2jExOB3GLIy6h8IwsT5RsG8eg1YnyVDh4_FHfW6IsRPAoOzK,bmas.de,bmas.de
P02,Faktische Frage,P02_R01,2026-06-16T12:11:49.951507+00:00,gemini-2.5-flash,2,https://vertexaisearch.cloud.google.com/grounding-api-redirect/AUZIYQEjFrc0WqzeNM3JDPN8ArBQGdkCnyPvJ_MkqgXRHcTUMITh8t9Pi33OkS1NKsh0qgN8Z7Vqf-tBSMzKm_ZAeqV3ShfSqgI__3kEKgGzGcwfdpTH8Ln78e_x4umS1-FJJEJ8UeKbEYkwlLPnoAhumRcnlBdmMLkwFWTmC0SHFC7bA9f0sXMYeyuUXt2AsyYJ8APqV8ySTsY3Bit1pehf-0g=,destatis.de,destatis.de
P02,Faktische Frage,P02_R01,2026-06-16T12:11:49.951507+00:00,gemini-2.5-flash,3,https://vertexaisearch.cloud.google.com/grounding-api-redirect/AUZIYQGUleieOmSUuDDgYkfpNODhZnyBgaKIB16drY54_kZFZr6dQygVgY8aLOj-SKXO1SLtYj09lcbGfPJbM0F_1vHqAgtnfoqHRsWzy4Yb3_rHea2i4b90SB7vu4W8xxKZS-aKogEMtBXqvLzuCtdcS0iomsDDcBPVe633CWqMoK4=,berlin.de,berlin.de
P02,Faktische Frage,P02_R01,2026-06-16T12:11:49.951507+00:00,gemini-2.5-flash,4,https://vertexaisearch.cloud.google.com/grounding-api-redirect/AUZIYQGf5VbQS093eOpb79qy0g0cqSY7SVy3TgOJbDlE65dSfow5MXOJTmO38_w1debBDhy1SqQ4LjyfpeD3RbCeHpZFdwDvrxdqs9LsEOMiK7FBCcaHPSerGcpwVGfiRiA-jw1EPBAs5oYlouco0s-IbBpJiiUxnaTnwcbz2zClD3zU5-z4YREvoQ==,bundesregierung.de,bundesregierung.de
P02,Faktische Frage,P02_R01,2026-06-16T12:11:49.951507+00:00,gemini-2.5-flash,5,https://vertexaisearch.cloud.google.com/grounding-api-redirect/AUZIYQEQZzjuEVLY4egxaYsBD3F9umW05ciq0tQpoleUI27j57x8jblkM1n7A1pl3X67mR8lX2L3ihvdnlv7UZZMshTi6dZWYT3Yceedr5fBCnI4LZFL5vqfcRijbXOwuJWlYhhS7t0-FZLNIx4KQHKD0tKFRKhaDeAVVzbf32zQJGGh2gZB7Z2KTGzF5A==,destatis.de,destatis.de
P02,Faktische Frage,P02_R01,2026-06-16T12:11:49.951507+00:00,gemini-2.5-flash,6,https://vertexaisearch.cloud.google.com/grounding-api-redirect/AUZIYQGZtw7bxz3llQ_2cDvtJhkBdFBytiQS-lclchXcz9zJI-4dFCKZWeD2c6jzboxpmoPSLseG-izJMVp6N4fMQuKjJaN18bMSGxfQbc4HjShPto5Zlun1Xm3IMEiY7enBoy075F41DWLgymU3ZhjSirUDthKlT49RoQ==,wsi.de,wsi.de
P02,Faktische Frage,P02_R02,2026-06-16T12:12:04.088305+00:00,gemini-2.5-flash,0,https://vertexaisearch.cloud.google.com/grounding-api-redirect/AUZIYQF4DnB3_tJYB1qxbtLO72RapG8QbohCkEo2brUpJFXfhdjbJ1f5wLOVRf-huMjKth6Oeay-QmDatgX1zKt6ZNtR0U24qgUXmd2YkQW0sP8LCmuW6AlJTKNytXUPLUMxKUcWEDSlp-rlnadZ_g==,dgb.de,dgb.de
P02,Faktische Frage,P02_R02,2026-06-16T12:12:04.088305+00:00,gemini-2.5-flash,1,https://vertexaisearch.cloud.google.com/grounding-api-redirect/AUZIYQFF8Wc0KmCo6NHB5Acbh_gruFrU1ON0kJP5vg2h7vR-0mFQ3ualiAWk5liCtqjOJ1mcv-wfXkW00Vdtl16DyBQY0o-qCvmAKCxBqA58WecqNQXs7VxDp2Iflc6Fw58xdXNn1em0rFKA98SX_OP9G8kFuf_sqyAB9wJQP6RmC9mYF-3WPFWLjufADt1Qk08yuLktuk5g6TyHmnn_IkVzV0E=,destatis.de,destatis.de
P02,Faktische Frage,P02_R02,2026-06-16T12:12:04.088305+00:00,gemini-2.5-flash,2,https://vertexaisearch.cloud.google.com/grounding-api-redirect/AUZIYQHOxhOwgney-B-o0eIVu_SPUQkXC6wntzwen9pIDKS5E2P4Lc7t--WlR6XXTxwI_LmnNMmzfTsrjA4inO7pSqKT3uCHryc6T2uk5cDLIO0en2Bd1e8yHs-GAarO1l4xBhbwkqPEVdb8r0M_5Q0EZzfYv1kY2FyVL1qypuy9uBb0mAjB,bmas.de,bmas.de
P02,Faktische Frage,P02_R02,2026-06-16T12:12:04.088305+00:00,gemini-2.5-flash,3,https://vertexaisearch.cloud.google.com/grounding-api-redirect/AUZIYQFJ5UiIrQ84BEXX0tNkVv6p6kODSZDl2QrjfLRkrquQmXCpJebP1coh7pvxFOSkhTcyUNLHayvLjTk1yd6EJYof_MnnMuqZ_Y-RC2HQMPMs6zL-je_Cf-Q8bAsnU8OUCVn9tS7cs36ZzEzwbbU9KYZce41ebb63BrRdIml1Kl87EW0XGGxkkg==,bundesregierung.de,bundesregierung.de
P02,Faktische Frage,P02_R02,2026-06-16T12:12:04.088305+00:00,gemini-2.5-flash,4,https://vertexaisearch.cloud.google.com/grounding-api-redirect/AUZIYQFLpEzf-ePTNYntSMEXDSjDJHlQBOjALDjee72sIUq1cYnj8QM5b34xPq4wdOq74Kc7m_89-bx1E9sY7-KxuswLWBtHQdDyPXrIbQcr9xIjU72TpiYWTWjiCbKP3QYQzMrh9n_CssaMVJhR8HuA6gPPD70AxdsU2LoX4EbrB9afNDkmxVbg8AmPWkv5Csmd-A==,minijob-zentrale.de,minijob-zentrale.de
P02,Faktische Frage,P02_R02,2026-06-16T12:12:04.088305+00:00,gemini-2.5-flash,5,https://vertexaisearch.cloud.google.com/grounding-api-redirect/AUZIYQHeIT0Zu0vOkJm31LgBAV-pREc25wz1eCkKLTXq5Cs4rQe2_wWWvdmmpHom31IExA7p2R_rbOdQcv1_cFpY3YZ4oePCcGnWX3bb8zkKzvNSVpzBz99wHtjGloQ2l-5GxHDw0audXUlUbEYaf6XTeOCPwDP7VpGaIzySuBnlwewKpWqffQDMSY1IkA==,destatis.de,destatis.de
P02,Faktische Frage,P02_R02,2026-06-16T12:12:04.088305+00:00,gemini-2.5-flash,6,https://vertexaisearch.cloud.google.com/grounding-api-redirect/AUZIYQFuTtANpvR9dUgSpvEE0tmEtH6ypui3GLdonBk4bShk2jJHtyCf6im2fPWoMbhHXp6wQobu6ToAF5p8DEg069ryNkvQWoZO_kzJAguEfYvVqa-xbdmqXEjdLTMY3f6JVDW_ltryJ2ADrgq0cLjDRu15O9RZlv9C4IcbSy7j2Rw46QtQFR3AH7bNGlJ4Aa68pivzmCaLsDcQ3xe0gzI_TuIhX6WLPuhGoPLqYXath-ROMl-ygLHQaUSEbLk650SvFZFZ0tztgEY=,bmas.de,bmas.de
P02,Faktische Frage,P02_R02,2026-06-16T12:12:04.088305+00:00,gemini-2.5-flash,7,https://vertexaisearch.cloud.google.com/grounding-api-redirect/AUZIYQGUZ8hHO1gN6pHUQZwFczg_zjpkfd7gedWnV_G8HPxal946-Rj58IikcvGFWwG0F0Tk5kiv1mkzaLFevJXOggQmcNu6khtflOcUWFfCvhGDsX4vo--EUqQLVNt1PCtFSibdYao5VBqPFj2asf6yKQ==,mitarbeiter.com,mitarbeiter.com
P02,Faktische Frage,P02_R02,2026-06-16T12:12:04.088305+00:00,gemini-2.5-flash,8,https://vertexaisearch.cloud.google.com/grounding-api-redirect/AUZIYQETBTSk0tpE_gHyeK8ZjQ-JKSbu9Eq2cXnpx79zUY-26TOZOd9NPpJbpwCA_ECL_iBgNSImKmFCwx66n5Q4O3HteHx6NNXuncOoieFJ1V8O8KQl-EN_iQkx2hv-d1Ofe7ABE_H1GOpzQiAa6AZdsDUXbpf1aBK9ldtIy6lbIt211gMeCDmVdjqoSooW2nGXCTfVy6AXgXQNy6QSKySFaZyLYqiilpij3Rf-rmm_ReSSrF2VH7oRIJTbxQ==,mindestlohn-kommission.de,mindestlohn-kommission.de
P02,Faktische Frage,P02_R02,2026-06-16T12:12:04.088305+00:00,gemini-2.5-flash,9,https://vertexaisearch.cloud.google.com/grounding-api-redirect/AUZIYQG1b98-UO2H72nLbm-L1VUtl2A9Ksfx1D4gtoEAHaLOFnfeYUdSq0MkBZQIY2WpwfgtKrG9aR0fcpmFLkdyRzlVOmACihNbC-5CBPrP2TnKSYU5xPr65wCxMVLX1m3SKP5uAB8dBZJPEgDpYIpFfeL4tK31xmju3g==,wsi.de,wsi.de
P02,Faktische Frage,P02_R03,2026-06-16T12:12:19.483646+00:00,gemini-2.5-flash,0,https://vertexaisearch.cloud.google.com/grounding-api-redirect/AUZIYQGbQBJnbPiawtuchNNQwJBVRHlbFCSgPNECaI_qzLDEVhNYxHcQUkHaeK01cVpjwXPU5ZbhuL5zd-JNeAKbg_yI1G11Z1_nFcBMJJ56sI-gkmtDwEJJayDd9vKYlADRAxPYp2ov_Pf3vdfJMQ==,dgb.de,dgb.de
P02,Faktische Frage,P02_R03,2026-06-16T12:12:19.483646+00:00,gemini-2.5-flash,1,https://vertexaisearch.cloud.google.com/grounding-api-redirect/AUZIYQE_R-KVh1alk7_7ZCo9foK_a9n9ws9KSi-5jwpaZFWAGnkCaZSPy_kVZDRhUybXXVEZcV-F0KFzhRF6CL-YkZBTDMnewqsR3t3CeVh-1i7TNDTPzGqe8aU8bXkFJ6vCpntWDnKrbiJQC4F-uxUYc-3vTGcSCeKUBSIAXRSqTi51y3DW,bmas.de,bmas.de
P02,Faktische Frage,P02_R03,2026-06-16T12:12:19.483646+00:00,gemini-2.5-flash,2,https://vertexaisearch.cloud.google.com/grounding-api-redirect/AUZIYQGQwuxeJQWiTj4VPiQwNZB_QRyOlnCG3ogSjZ0pSqpsmnPs8x8S6Jryk196tRxx95l9mApjn_R4Z4gMCR_uA_d3SHlDlbx61qKsPK1yaN-YJ-KkjhP8VKb7fYGNLdCCov9JWjSaugekYta0mGnwOuStZUPemyu722BD_iY21hhbBtXReeKGRq5qmO7M1_A6AfjtsqcwgH5-PSJGkQwf48g=,destatis.de,destatis.de
P02,Faktische Frage,P02_R03,2026-06-16T12:12:19.483646+00:00,gemini-2.5-flash,3,https://vertexaisearch.cloud.google.com/grounding-api-redirect/AUZIYQGoq6FFeb7_aHi3VwWZdJ1hc8jsyUv-8corQ-n_g3qQTv0UvBfzvHcZoYdLot5ix7K9ymFIVo1dXin6LcvL11lsboe7njNIgxAs_-w_cvJQDmOEl_hk9tJZ3mX3MNxZuANYcX_IEd6Kaiuze_jKxXlbaqOHST6ac2tnZdjzQkI=,berlin.de,berlin.de
P02,Faktische Frage,P02_R03,2026-06-16T12:12:19.483646+00:00,gemini-2.5-flash,4,https://vertexaisearch.cloud.google.com/grounding-api-redirect/AUZIYQEbUYNjRFIGqF1tejoOF38AYduADk5UOBdyupRqb9dpptMb_9U0180anF7lfTvPZ7wtMT9WDdBhVDQsHPGoBWC8S2ksvCsZPcXk6keDpe2X5rp2B8NFYATYsCUwChOLZd06tFzbpsCnJWzFJ1N2EoQQStU_QNZeN2WHhOhsc99_b7_egvrphQ==,bundesregierung.de,bundesregierung.de
P02,Faktische Frage,P02_R03,2026-06-16T12:12:19.483646+00:00,gemini-2.5-flash,5,https://vertexaisearch.cloud.google.com/grounding-api-redirect/AUZIYQHUla86boAqXdtB7Ot0ck6iR7YWecjiEMKhRZLRoGQ9UEwPFFTOZ5cOlSgMXZOKFqfZwrRqj-50fE2c2ZViGGS1qRUoi_5J38UohY2djU-aNPBS0j-hc-4UcaprrVA3vFjnhNxUwJcExSAsAepBFTIWgRVA2mpWX4kArDJAM6mrzqymxEQP29X0Tw==,destatis.de,destatis.de
P02,Faktische Frage,P02_R03,2026-06-16T12:12:19.483646+00:00,gemini-2.5-flash,6,https://vertexaisearch.cloud.google.com/grounding-api-redirect/AUZIYQGru-bSzdwFCZtkJrHDDZUAq4tuAtcf3VBf-DknXG1uiCZWOXVomvaL16na0UEHJkvov2Cb9oT_vw3QqoRL8nQD3_xK8P78prFcoBZ2UkmjjBd8TUM22B2_LeyC6S68oPUHkK5TZK6UlDOFGSmfcsxLLsmvmNlaMA==,wsi.de,wsi.de
P02,Faktische Frage,P02_R03,2026-06-16T12:12:19.483646+00:00,gemini-2.5-flash,7,https://vertexaisearch.cloud.google.com/grounding-api-redirect/AUZIYQGoijAITRIjroX3OoGLeTc1OZNqyw6GmammUsUwv3xlUiPalzRi_yBjYthwXsv_iJE4p13nPY7ydwo16eelepQds87Gd9pALZkFxnbn3uGdN2mq5VIppPDol91m-iJ2xNvjhJRXMu6si9tub1IF-iOHtcA045ef-c-MLUi4R3AdymxeNN2hAjMVbPCW5H293CVCEwNvYFWd-zcgy5DNqZaDERWhxjFt7lr78Fa9VICrxp7qYi4tMEBx-d_oMMttWLB8cbN45hA=,bmas.de,bmas.de
P03,Faktische Frage,P03_R01,2026-06-16T12:12:40.539849+00:00,gemini-2.5-flash,0,https://vertexaisearch.cloud.google.com/grounding-api-redirect/AUZIYQE2pvY6u-tULKf-09O9xkPYX9mGllME5d7IUnYwuM9L7TFYcxEeSv4lleRhTlGeU9qRtIuSu23-lzSWOAN0FZlIvOyo_CL6LC0YTSd7dveNrEpv9NFA-0TKhFEi2FdQqM0SNVfrIgVS2j5_9ySq5AbN,statistik-berlin-brandenburg.de,statistik-berlin-brandenburg.de
P03,Faktische Frage,P03_R01,2026-06-16T12:12:40.539849+00:00,gemini-2.5-flash,1,https://vertexaisearch.cloud.google.com/grounding-api-redirect/AUZIYQEXhUHoifPXqGvhXC7L4wV3HEDRixZqi5GYCBw6URATURk4dE2Q2W6c0kK0LQ9O5KHGOyGwQd2JS-583WGSxvgEZ4OMHLGf_gSdaPR8kfztTvbjdbr-oQTOVyTHNSt_oQ==,wikipedia.org,wikipedia.org
P03,Faktische Frage,P03_R01,2026-06-16T12:12:40.539849+00:00,gemini-2.5-flash,2,https://vertexaisearch.cloud.google.com/grounding-api-redirect/AUZIYQHInhfuPurAuAWxYQVSN5pDE731iHfWxNW3afIvUAO1Eo7Wnqo4MUeyatkBhn_QEJFDFsMj54_fkSUhsiblRAqFDT_NE3Yrzl0Wbti_LQrui1qVTUs8GUk10hdUp8ID8WD9iGuUymsFpykrDsusEpJKQ2UExA==,wikipedia.org,wikipedia.org
P03,Faktische Frage,P03_R01,2026-06-16T12:12:40.539849+00:00,gemini-2.5-flash,3,https://vertexaisearch.cloud.google.com/grounding-api-redirect/AUZIYQHyduYylf-XL4i_21M-3pOa6J_x2Til5CtCZ5uCHHs_KQAuKvwKuNjDe4VFuh6YKU-GwlDBKmaH0GcTITSX6jRk1KN-UEmZzIYd9U64wS99vovznxvoUAjZTgZzYxvD39D_50CbtY0Uha7u4a_DZyBoipwzt0lydDZS0K0gBwn_MSGAuCamoyXzqe0YzUK7zxHR-J5MSCmy7DU=,businesslocationcenter.de,businesslocationcenter.de
P03,Faktische Frage,P03_R01,2026-06-16T12:12:40.539849+00:00,gemini-2.5-flash,4,https://vertexaisearch.cloud.google.com/grounding-api-redirect/AUZIYQHyBD6eWM3ilxwYpsP9uIPuuq3vZ512dsbWJIxGqCll_zIURDonz-aGjEQBoyu31kTZws2fQabCfthulrIqcXNUj9Nu2lAOi0njdXG5qsWh1ibLSxM_rY2P-1CbzdgREbRF1oUzIq2xrg9TbL03o2P3bM9T_cw1nAMzJ8y-g5HFb_j0S2B4,macrotrends.net,macrotrends.net
P03,Faktische Frage,P03_R02,2026-06-16T12:12:55.102219+00:00,gemini-2.5-flash,0,https://vertexaisearch.cloud.google.com/grounding-api-redirect/AUZIYQFn5Wh_afRH9mZfT0bb3TjCOLBSCK017qTvtE9LnLoyYH--s5nCuY-46KtND2pUjex0-CbzbUZJ9cy9dE7X_yVqMGchAovHU8sJfpQHmSAVEbCUCiTt4MdgtR4q5Ty0_JkSDUklkg3KKvOc7Zsr3ac-A3PXQ2SBTjbsAGvJcoRQEwxpZfufbqLLJsSskW_J2tpRAwc7SLWIegInosjxSGI=,thegroundsag.com,thegroundsag.com
P03,Faktische Frage,P03_R03,2026-06-16T12:13:09.367342+00:00,gemini-2.5-flash,0,https://vertexaisearch.cloud.google.com/grounding-api-redirect/AUZIYQFL3gR_qjQ3EMJWSFHP6IZQxvtB0qs6GzZuc7yDlttccD9E6W77BuBMZu1Hcd9nzBTpfGDVwjeaa4IrXav6WUjOVqrLJb3si6WE-rMlBM3DNqaBWduq3QEOCZLTV7R4Zhd9M_gv0LnadAlOtrnLA-l_kLrZVdIEGQOeCD74Y_lgy9xdQz6CxtIIcyADPNIXEOoD3RfO1oSK9TJ3CwSvbA==,thegroundsag.com,thegroundsag.com
P03,Faktische Frage,P03_R03,2026-06-16T12:13:09.367342+00:00,gemini-2.5-flash,1,https://vertexaisearch.cloud.google.com/grounding-api-redirect/AUZIYQE6priw4fBKa8cM4UIy5ihCySrOphHEVDILHAJr0uBnYquo6HO0Ne_Hf8uFCpoLqCvGbx-ogRW_oJvqM-6IKvTse0BlXSVlvQ5j-MVc7QnGV7-5jad9x8av4_qrsMma0oZQEftp9gDbRZboKhXVgMo=,statistik-berlin-brandenburg.de,statistik-berlin-brandenburg.de
P04,Faktische Frage,P04_R01,2026-06-16T12:14:30.021791+00:00,gemini-2.5-flash,0,https://vertexaisearch.cloud.google.com/grounding-api-redirect/AUZIYQEkKe_i_K0rPhr9R6npcsiO8NGLhnJj0cr4TArsHATxt_ihNUuwcMiSTJIdS3kISK_oCFbSNtJQ1da758c_Tq5EIGF3OOfVckWlit6gBhMIM1V_aCABQJDymT29-ddsj8m3AWGy2pI-jY8=,astafu.de,astafu.de
P04,Faktische Frage,P04_R01,2026-06-16T12:14:30.021791+00:00,gemini-2.5-flash,1,https://vertexaisearch.cloud.google.com/grounding-api-redirect/AUZIYQFH8DPk_p_nAnui7kV1NnqjARXc13YGpG0KtUxe__mXb0-g10J0o5SISAJytJsmbQPIooooAxRL3GBvwWSLhGmSFXEUlVrMM3LXyQwyz845o7BXyYDoZBrEt3Ktpy2qaf_LzlHrsveSnk8ZQjc4zGIUqmlmUuMdoGJv7DUgN6bJxIQUcT6qOwxt76LP3PBo,fu-berlin.de,fu-berlin.de
P04,Faktische Frage,P04_R01,2026-06-16T12:14:30.021791+00:00,gemini-2.5-flash,2,https://vertexaisearch.cloud.google.com/grounding-api-redirect/AUZIYQFsd-DnPy_64tycrQ3tPTpuHYdwaAK0hWuZIi08AWcb5X3CU9gBnb0pLmnQY8wU3ncI6qKXKfqOf2JEw4SwgUrdexKdRVgGf7CpW1SdxO6hdHcGPijIH_suYvek33YygodLqeOHBA7ox3XlydxERwTqQHwLroeBuT_ISqmRrNtMQAGHcBkzb1nHKQPcZdBPqJ5ZZSDkwaxleJTCzac=,hwr-berlin.de,hwr-berlin.de
P04,Faktische Frage,P04_R01,2026-06-16T12:14:30.021791+00:00,gemini-2.5-flash,3,https://vertexaisearch.cloud.google.com/grounding-api-redirect/AUZIYQFlHXeOaVCTKcqYYjA-UkzWm1HjG40R00Nc9JvzJsuasNYTzYTdYLe3eZWAzMZP6qu-_asJuI8bXiGrHGTS8CzP02pFCdEvjYMYDJr23MoOsFNmcZ8jNICGGh2yhfz9gTIlJEaK,tu-berlin.de,tu-berlin.de
P04,Faktische Frage,P04_R02,2026-06-16T12:14:49.898135+00:00,gemini-2.5-flash,0,https://vertexaisearch.cloud.google.com/grounding-api-redirect/AUZIYQE08hcvV8XIpUwl92zv_tzaurxTyHikZ9dX10THHbnIypyy3JnWm5Oe7lYGOtWQ0_JB0mNmLKSE53YoapZuqqOjJxs3GOn4LPSDnOMCdm-2foS0AKQgN5hCszV66ckCYeaVe8xVsDfTHU8=,astafu.de,astafu.de
P04,Faktische Frage,P04_R02,2026-06-16T12:14:49.898135+00:00,gemini-2.5-flash,1,https://vertexaisearch.cloud.google.com/grounding-api-redirect/AUZIYQGUJOE1FECXFfu5xeHKiSJNSYrwVfEzr5Kv5SLDjnJ5aVQcTiFzLwnJV1JcqFJqJCmJ-mcPbU6oWfN0ukOVV7NcM9d1nKCyEwQHZxYYJJ05asYRjAxzHVUWsvNPBBwKe1AOplhsjo9vltyORnZKbavk9dIl1t0GhZQm2fONv3jmmJYVAyw4w5O8c_YM3h3GNYlmf7c=,fu-berlin.de,fu-berlin.de
P04,Faktische Frage,P04_R02,2026-06-16T12:14:49.898135+00:00,gemini-2.5-flash,2,https://vertexaisearch.cloud.google.com/grounding-api-redirect/AUZIYQHu63fLP8Z6VUGyrhFgYs_ylJadIcpR10OjQT8DcVsEei_gOn3cZ2rWakGGfuU05pd93NPKlF-YRWu48Czu-01m602Hgrf8RH4nmmg6_xhiwzlkNasRa_Bv_o1cGSYbVIpYVCAIbttPTNw6KFLpGBMRdWHdqUlxJErRFT-pmTuT6CkFaKigCkvR1hjh--spxrKtnKVrKBz-nLKHvyERfynCRbu_IS8ZQk4Gs8ICT9GtfAV4wM5x0zcKFczoXAdG,tagesspiegel.de,tagesspiegel.de
P04,Faktische Frage,P04_R02,2026-06-16T12:14:49.898135+00:00,gemini-2.5-flash,3,https://vertexaisearch.cloud.google.com/grounding-api-redirect/AUZIYQFPg_-ZIRvccMA7uGvprIW9P9r9rGVn6xNYrsFJdHb7uXwANQ3SUTrZ1oh7i2klkR6xqfUSZx5jfaML8dQU0o4p7BKyg2zWL7ws0YCSOM2C3nyvwjGHZP8a8uodcoq7E49G6HkT,tu-berlin.de,tu-berlin.de
P04,Faktische Frage,P04_R02,2026-06-16T12:14:49.898135+00:00,gemini-2.5-flash,4,https://vertexaisearch.cloud.google.com/grounding-api-redirect/AUZIYQH4nxGbdLsApo8Sw4K8d_fozL28z9o9RojmWS24tsJTkVjAi5oxKPuugfTiBfDnHTAN6hconH9SU1WhKpirYsWdpdVrjpEanC9H3MT8iwLEA9lsb7h1UfsxDQ2XaoxGG9GYuqJcn9zlBl6GuxiIjBhwiR3bDGemiOHR3d76b_e9RAKnFTfEYPAohbO5QLx1,fu-berlin.de,fu-berlin.de
P04,Faktische Frage,P04_R02,2026-06-16T12:14:49.898135+00:00,gemini-2.5-flash,5,https://vertexaisearch.cloud.google.com/grounding-api-redirect/AUZIYQGXgh8etZB1J1YdGvhpVPkfgFefzmymSKhJCoN0NBwyGddTgKy8kAX6xtP557YyFphZ14nFQDdCtUmg07raEpilrEY-fWA_fV9fkOSpYLdEn-L0_ePFuT7n2Ky-mqwwJeP8mkIReCNZWKdGcgu-l7JvMJ8nLADp1maYDEtAW3p2Jfr_txw_jIQiYQKQYmE13ej769rckSpBXv8b-gA=,hwr-berlin.de,hwr-berlin.de
P04,Faktische Frage,P04_R03,2026-06-16T12:16:01.481107+00:00,gemini-2.5-flash,0,https://vertexaisearch.cloud.google.com/grounding-api-redirect/AUZIYQGPyWk8AgzXBJs2mYNvEwGmx7lnZUYErD6omc0TFrVgtSbHQXxRuYHv6DroTSaNe6Y8D-p1jpapcHJdhTsI6-Z_qz10m9ie9hzEtCf1XouinpDL3QjDcnOThlnivKjHKnEBeSNOInQKkbGTQRLYyn9jKEj1b1RX6x_mrPQfvdXGYv9egdcJU7td-jxyD6cKJ0uJSJQ_hzO1JYM=,sbahn.berlin,sbahn.berlin
P04,Faktische Frage,P04_R03,2026-06-16T12:16:01.481107+00:00,gemini-2.5-flash,1,https://vertexaisearch.cloud.google.com/grounding-api-redirect/AUZIYQFuOS9QSCr7qN-zBW5NZ9syWZ9-tVNB8bAnE2UbXJY1mEYHB_1xvI7ajfebvw7qxpNLZ44p5ZLOS4TduvrNKWNFhXoiFa3hD_E2UQieNnhHEUCdtResc4R1s-60Ji3oRxssGCvYcBrZ2rDJjkTHO6C4DmYcDg==,refrat.de,refrat.de
P04,Faktische Frage,P04_R03,2026-06-16T12:16:01.481107+00:00,gemini-2.5-flash,2,https://vertexaisearch.cloud.google.com/grounding-api-redirect/AUZIYQGMTP0Ed8UVE2Kgov96gbVwpkTkHhw0da98EJcExN68yMh8-C6zxT8AtGZ97DdW2ZFqLaq9m5CN7EsEDCZgEQPzFtFeqUR8IRV_vU1k_8RySVboj_MoT6AR7jygnySkq0P2j14mHQIj1mo=,astafu.de,astafu.de
P04,Faktische Frage,P04_R03,2026-06-16T12:16:01.481107+00:00,gemini-2.5-flash,3,https://vertexaisearch.cloud.google.com/grounding-api-redirect/AUZIYQE4S47GaNXL81_ZKyjehEfaKfOY9NnN0gSoj13efXEXSqOzlXI8-qbRrlHzEkVVxs2sdXqBfwIFtwnBzt3C_CooXNSEvDlbcTc9IVuuaNL-CKaYTH2jH5Y-Ie5Tiv1J_NA-EyreCpCeskP2FuJA9sQHYc4NHm7si2OxgGuc5WVm5V8_dWXnqyRbNOtGYApxC-iFewuAr4UEcoLBpvP9OuZTVjY6YsP1SxZgVb0b1f3FXqo4EbPGcjFP_yvB4ChK517EX6BvLzupmBJCs6fO,fu-berlin.de,fu-berlin.de
P04,Faktische Frage,P04_R03,2026-06-16T12:16:01.481107+00:00,gemini-2.5-flash,4,https://vertexaisearch.cloud.google.com/grounding-api-redirect/AUZIYQG1awham9hvJ4rZ4Rp4zXOW8pLj1VGKrCjMEusdUyru_bpvJGzev22OFvGfKpXitW4Z6x98SNrnZJspN5bYpdaniW7uLCBmDZPFqqNo37K7xatEJ2qtfVHUwwk7VpQaZj8dX5mYSfwWu2j5VLPzJoKr-T7ZrELQC-wQekN0xMYsAWAESNfQ5P40Zd09PR8tvl0dw_oM-dgH,hwr-berlin.de,hwr-berlin.de
P05,Prozedurale Frage,P05_R01,2026-06-16T12:16:19.610287+00:00,gemini-2.5-flash,0,https://vertexaisearch.cloud.google.com/grounding-api-redirect/AUZIYQEOK-Gg_2qqFZoVRvEO2M9OU6UU54dMX_qooaMXYaE6qOPANm6bBH1WjpDayrhEn2EsyL20wJ-K3OTn8viQ8WMOeT7eSCYx7WgXMZRNieyyawny2wTylksO9j-YHJAsqBiGzZDxxKH5uCHinUTtNsrNnffeJ9oZxgeeKTlzZ72psavmYetTBYCKRZ_XJ2GrdCFUXPGJHWTH2_Zmu-Tixyw5k1z6NewBHqQc0Dv5bDaD_qqC9XkQ7B1S16w=,familienportal.de,familienportal.de
P05,Prozedurale Frage,P05_R01,2026-06-16T12:16:19.610287+00:00,gemini-2.5-flash,1,https://vertexaisearch.cloud.google.com/grounding-api-redirect/AUZIYQEo4VjIowU_fEqraWbm43_dqGyUP5CiLDZXM9La4g6M3FsiVcXXlvsDcXuYv9j9fJ1BaPCzV9uCGl0W8gA9quIdksPiQKI8vgN5vlfYnpfuGKcgSZDTPxw2nnSorJZwireV-5JKeVDAFi9a2B4qENPsha1ozzQowvAM,einfach-elterngeld.de,einfach-elterngeld.de
P05,Prozedurale Frage,P05_R01,2026-06-16T12:16:19.610287+00:00,gemini-2.5-flash,2,https://vertexaisearch.cloud.google.com/grounding-api-redirect/AUZIYQHqXQAHLVViPYKbyVyGjUbMP2hGVI7LLznEzeur0GcDtEwTVzXdYvn4bEYFf1ZZbfTc7FzDe1p45ndzZoRVWocPHqGWKJNsxRSR_g3XuNcOfi-Zq7dhgJu87Y35zkmLWyJjU0MX8A==,kindergeld.org,kindergeld.org
P05,Prozedurale Frage,P05_R01,2026-06-16T12:16:19.610287+00:00,gemini-2.5-flash,3,https://vertexaisearch.cloud.google.com/grounding-api-redirect/AUZIYQH3Kc0yQ3pcpIopE-Vd5a66Yr-an5EH73a4VNjTUaY2ie8OYZDsnHrJTltyU-ya1pNrPqmOHH48G-HWCwB0_0w0V2bAs5jzjrS_O2ikwJkos1JWqyxGlJVvvuiQwQUXBSmpqrCDWUqA3AbqVPCXPjZ1Fo3g_qYESinCkJ7k2Bi3x4sT09l0T1U2BBuFZOww4cmP1TZT10NM3Uk=,fv-bwl.de,fv-bwl.de
P05,Prozedurale Frage,P05_R01,2026-06-16T12:16:19.610287+00:00,gemini-2.5-flash,4,https://vertexaisearch.cloud.google.com/grounding-api-redirect/AUZIYQHcu4rQqM7XWH5tSyyEbkb4zc11GB5DrJdLjALPa-pIgm-E5PT7t8tyTrduwnjx6SRkmcoNMqS5DRMWT6ww8_jpWnxcfbnYfrHsZrmZg5sdi_56Lo_NUX0O6gc3uKS06BHIFFLWcTPlw00QLjLhq6Z6uKvUGxjMH2JWdQn1aEr1YUg7zqjf,familienportal.de,familienportal.de
P05,Prozedurale Frage,P05_R01,2026-06-16T12:16:19.610287+00:00,gemini-2.5-flash,5,https://vertexaisearch.cloud.google.com/grounding-api-redirect/AUZIYQESYyJ0i5QjEoFZHBnIJsrct0vTjyz46SgpE7KtO5Iz7mKAB5biVSwXfRidAO6B7eKvLjPrZWZ3hYWstICMcUmH2kODUrkWqbiCjb5OjhUbyibXGiR199X9Mkg_cQFR3EkQvB6PyNHGXKes6ARGGUbUG6t850t1HfCeL5otAjj4HJuQxEEqc4FLKvjl31YYBk_5d3RWyeAuOHLPxxo=,arbeitsagentur.de,arbeitsagentur.de
P05,Prozedurale Frage,P05_R01,2026-06-16T12:16:19.610287+00:00,gemini-2.5-flash,6,https://vertexaisearch.cloud.google.com/grounding-api-redirect/AUZIYQHTY9hC88vd8Gl2PdIH5b2aOJcBqvdSPgR0mvx7RFgsAbXcLmD75-x6-0zb12IAhhbTltn3JUu57vCupeVzP5GNEnA4a9zr4GgwL0DjI4yEDV28WAnRN8A1H4tuC2MlRFigOgefHNR3cMwA9iKhdfWFEbaSbMJoqVYPWM7AyKZv5KYVNq9T_I-WZ4clU5mKL1jSeY5kRTv52zPSLAYm2NouqraB_w==,arbeitsagentur.de,arbeitsagentur.de
P05,Prozedurale Frage,P05_R01,2026-06-16T12:16:19.610287+00:00,gemini-2.5-flash,7,https://vertexaisearch.cloud.google.com/grounding-api-redirect/AUZIYQETLf7e5j8uMe_3fQ2OOUK2aqUp2K8WTRi6YC5gFx4YZ9a22BMY5uiiwOVt7jvfUJky3ewgSbxfwX-QQaO4UXIlo0VeZd9vYxGazDIhSL7ozl-u3eRMqPFgvxXuXKddnXY_PxCwQTKWRZCzUdHgDGr5BjIBddsejXyEnprRKXnj-yZkaRg3icteDPei,bund.de,bund.de
P05,Prozedurale Frage,P05_R01,2026-06-16T12:16:19.610287+00:00,gemini-2.5-flash,8,https://vertexaisearch.cloud.google.com/grounding-api-redirect/AUZIYQGyO6mW_J-Dmgx-suWWYdz0Gw7zEz8QgrIu8FDvJ8D7LjvHIj4cH1k_yY8tjW2bv9SgyHLjXkvEP0DH8W-IDLJP0ysmrFDX8orkFzV_uSs9OkiI41byvoGiXf9knihqO2hp-UDg84E-Oq402poZ1UhdVxo9qIvjsRnHPkGWfFB1AccbSN2E,bund.de,bund.de
P05,Prozedurale Frage,P05_R01,2026-06-16T12:16:19.610287+00:00,gemini-2.5-flash,9,https://vertexaisearch.cloud.google.com/grounding-api-redirect/AUZIYQGi6MWp406CMl4uf-vXG-n4-2Rn60uvJcH75f0nvRwvfn04zHJU9LzQMoZUv5Qe8aJKn_YQYrup_zmR6Jb4eIBdLE5lL-E9GXCUTYPrYZubnugVThvLqivese3EuvYFhrWGycAzWXmS,einfach-elterngeld.de,einfach-elterngeld.de
P05,Prozedurale Frage,P05_R01,2026-06-16T12:16:19.610287+00:00,gemini-2.5-flash,10,https://vertexaisearch.cloud.google.com/grounding-api-redirect/AUZIYQH8Oi15CjFj37Xn1fYN5HfAyH3QY869ZwzFN9e7jb8GU-Qu13kfhb8f-SZbC19Ed28OW9SRcuG8NuX1OchxQ7QOpk6ld1UaoPzidbMzUrNfhVDbVRjnPDzfFpmJOVMr8JIKXyoFLQH-sNjboxo=,service-bw.de,service-bw.de
P05,Prozedurale Frage,P05_R01,2026-06-16T12:16:19.610287+00:00,gemini-2.5-flash,11,https://vertexaisearch.cloud.google.com/grounding-api-redirect/AUZIYQHrqrYx9bniLpfbbrREBj3fVjb20OLRJV7jgoWNhwdon_A5NA8A-tRN9AqrgNFR2FOf8fQyYX_sVu2libOoqcDvPf_TsxgEuuXG9YlJV6skI6i84xXQAEyzaAjTuRnlQ0A=,kindergeld.org,kindergeld.org
P05,Prozedurale Frage,P05_R01,2026-06-16T12:16:19.610287+00:00,gemini-2.5-flash,12,https://vertexaisearch.cloud.google.com/grounding-api-redirect/AUZIYQGPggslCYv1gd3dCfaY3_Mo16zFZHIyXmx7kcYizL7aggB-svZ59qzpHeowtj191fyVXRE9n7z8uPD9ShVEz_-ekKIWoakvebSSXLLsJvp-KswEtobVMIMCGEisdz2OIDMccvHt,anwalt.org,anwalt.org
P05,Prozedurale Frage,P05_R01,2026-06-16T12:16:19.610287+00:00,gemini-2.5-flash,13,https://vertexaisearch.cloud.google.com/grounding-api-redirect/AUZIYQHNbgQ9pB53tY3EA6ZmwZXg7j4bXixNUkMnST89-TD71KWPBveo9xPfeUF5ceagATKsXziGSTx1P8TIBxDbzYuCN6aatd1Vqgcvmn-IdcokgqNPBo5bpMe_GvjuXsOlXuPdHZW7i5fGsUOoLFWSBZ-Sng8Fdc2aokBXF974YS8MSrKDGIW15sxiluU2IlxJWqe92o6YjzvX_r8=,arbeitsagentur.de,arbeitsagentur.de
P05,Prozedurale Frage,P05_R01,2026-06-16T12:16:19.610287+00:00,gemini-2.5-flash,14,https://vertexaisearch.cloud.google.com/grounding-api-redirect/AUZIYQGWynksjFXry-zPC3T8VKcPdhWr-bsN_pQbqqm4dq19J2PRxJme_D8IIkPowT7oxc_QCfUsczqZWXNtNbwpC4neIJzCdiaCiGyCyq6XN0qiW5lTOqdCCozfLekQ3QKdsK_KdA5oGs6w8ZMdq3815ZPdCKgYTiRP7E7euNJp6kf9h_tmnA==,berlin.de,berlin.de
P05,Prozedurale Frage,P05_R01,2026-06-16T12:16:19.610287+00:00,gemini-2.5-flash,15,https://vertexaisearch.cloud.google.com/grounding-api-redirect/AUZIYQGn6ZwEWrwH_46QZCtcb0TMrml_7uC_n4dUMPN_hwNApIOTmb055sB52jG2vaEPd5MNr5qU0HzbASyG72YYdpNRKkXygRFSfN02ouLogD46by5HON3Zbfm-t1QAN6gImCTeyhjv85bXKTf3UwSMzUVDmwQL5vPkzYQEtX1Tu7x_sOKadMFqNYam,arbeitsagentur.de,arbeitsagentur.de
P05,Prozedurale Frage,P05_R01,2026-06-16T12:16:19.610287+00:00,gemini-2.5-flash,16,https://vertexaisearch.cloud.google.com/grounding-api-redirect/AUZIYQFNMFK_oHUaLqKUXhF8I9rE0F_MohOHyt-dTmT4susCHRtJDGdZU5SO_HQCjN11Cn86aCFEXq4J6ngj7th6Ok59Yd7Hb3pNuR4yrEdIVpiQaSrR3m9PXI84ZG6DER_Xanbb-4x0Rp-gnAdH-aScqqWa3RVVlYNXrA==,arbeitsagentur.de,arbeitsagentur.de
P05,Prozedurale Frage,P05_R03,2026-06-16T12:16:48.763953+00:00,gemini-2.5-flash,0,https://vertexaisearch.cloud.google.com/grounding-api-redirect/AUZIYQH4_z-Zg-pGAfi3Q0bxmzUx_aW4KN0dG9siVneeQibs0t1fO1Tx38ziaJttXQ8pb4rRL6p8znp1ctfzccOxrOWivB4BoAi7j1BD8psrlMewteROqiqWVSl1xaH4YZadNCrd2IkHGj2B-s9bTtSOSTEtUnPd0_fTVNeT,einfach-elterngeld.de,einfach-elterngeld.de
P05,Prozedurale Frage,P05_R03,2026-06-16T12:16:48.763953+00:00,gemini-2.5-flash,1,https://vertexaisearch.cloud.google.com/grounding-api-redirect/AUZIYQG5ki_-DBt-ecUpDdH67RjaLxceeEG9jrIErtXEGYyjlI4zAk79qyESmQTUZ7s84xIRcdWfPj25GSYXQITH3NicrJR3iN8IVcLNUgB3Eg5Q_P1Rq1ZgDaw0MXbeLFljJtI5KKlaMcL3,familienportal.nrw,familienportal.nrw
P05,Prozedurale Frage,P05_R03,2026-06-16T12:16:48.763953+00:00,gemini-2.5-flash,2,https://vertexaisearch.cloud.google.com/grounding-api-redirect/AUZIYQG6mQHyPi7ISGNm7QJNfx7QOg8xHmMQHjb7ZCUUM0xRXIHNfakZ6xbcYuJb2qUZztLu_E4xcMTuRzZT7UnHwja01b_1g_dIgjtxDBxdD3gKZgZ3YOQ1t76zTYEygsLSlbSSUscKevqNN7oLu9TP4-zZBgLobq5sg9yCsWsoxirxHTIK0AxK,familienportal.de,familienportal.de
P05,Prozedurale Frage,P05_R03,2026-06-16T12:16:48.763953+00:00,gemini-2.5-flash,3,https://vertexaisearch.cloud.google.com/grounding-api-redirect/AUZIYQEazeb3o2PvL_7qKd11py4aDOPMTo0Aag6NZaAFkvt_vFD8aVXVUSToy6lr1kdj2dcA-StFyYFZl10TEPDmRybflLPOH0QawJVi3HIJstfnOJUEVOr5NLo07HN4z_YKOIRNlHGsMcy8kI94UaZygro9xQ7lNHbWrXGpoGUL8wvRGbo5gg==,berlin.de,berlin.de
P05,Prozedurale Frage,P05_R03,2026-06-16T12:16:48.763953+00:00,gemini-2.5-flash,4,https://vertexaisearch.cloud.google.com/grounding-api-redirect/AUZIYQH0PmhNM4i2VqyI3XJwwAgmC3dC9DQ1BoLF7iUlFR3XICEIJQhyDkDog28PMrRw4w5t-5zgFDqurP09vRtfj8NmVjKpdRVuv5RUCL9Fyh63CaDzTs2yjhxYHhu7r6Zb7i0=,kindergeld.org,kindergeld.org
P05,Prozedurale Frage,P05_R03,2026-06-16T12:16:48.763953+00:00,gemini-2.5-flash,5,https://vertexaisearch.cloud.google.com/grounding-api-redirect/AUZIYQFIAzDAmczf93ALQBlYPW2jFaV68w0d5OgQ1H8Ux_QcmXXzlj9eUS60Untih7B-8x7pW7GQwn6YM4JtTotdcUIDm9uXnmK3u0ktLfFUZ5itwQZRnUltXRNpQt_O_te6bZZEitZqzKLGGjugw5qy-Yt8XDTkCfxWghwxl1gIaQqOgU1h5wrOWZwhR7nG8hCBWv6QukLlEju-OT2arSLAh5g2Hb8fCfZghYkrZvMgeFXf1yt1xDy_BNofXa8=,familienportal.de,familienportal.de
P05,Prozedurale Frage,P05_R03,2026-06-16T12:16:48.763953+00:00,gemini-2.5-flash,6,https://vertexaisearch.cloud.google.com/grounding-api-redirect/AUZIYQEZZoWilZNnRvzZRFnmuaxtF9quNm8043bioTk4zdljgoLdFXzh9f8NP9lBXd-hR5x8MDs8e5b3OFjMNLaSWk69Lrk-n2JtYulxShYgx3L_2L0RReJi0-UI0PN4xm64oBEU6Rk4OlO2amjQs_IdJA-XGeCYaaxlQdJYGT66sYJTTwtjAg5p,bund.de,bund.de
P05,Prozedurale Frage,P05_R03,2026-06-16T12:16:48.763953+00:00,gemini-2.5-flash,7,https://vertexaisearch.cloud.google.com/grounding-api-redirect/AUZIYQEQCQskatViF6Ryl8C5rw1bq0pqcrbngsenDlowKFammEDhs_j3sJQghybkTXrS_a9-z-0eiqjmhKerFFrr0C195bsfNIkydxAvi51RiKYdxmWTrm8po3JnY8tZacsPverjygU79aGQg5wYZCt7m-JB4ujotPa7mWCzIKLeWw_pq7jLewdRPwPCgfYauWCoAtxgvqAmEwpMGLSuol1xayjs1tpzSw==,arbeitsagentur.de,arbeitsagentur.de
P05,Prozedurale Frage,P05_R03,2026-06-16T12:16:48.763953+00:00,gemini-2.5-flash,8,https://vertexaisearch.cloud.google.com/grounding-api-redirect/AUZIYQEDTj3fFS6cwGdGTeuiP2GtffJAhuUJKznFqY5GFq01TG4ljHm7VoAp_a_IWy9tYG3_a4KwpdCB2fQ5vXRZm16vkZGE-AdvrAfxGMfG5Q3GWg4BnGSA9VKgDqZxD4ccxZynrFvt,anwalt.org,anwalt.org
P05,Prozedurale Frage,P05_R03,2026-06-16T12:16:48.763953+00:00,gemini-2.5-flash,9,https://vertexaisearch.cloud.google.com/grounding-api-redirect/AUZIYQHeWnGEHGQ5rjVkhJqZOuHGuTEXF9wkM5tMsD6W6YAV6yqDSMTx96HOv8EexdqKj3vkNQ3o0GWjsaUrR70jQDsSx3_u6hCSbq35mNvSa1PacgThkaWc2c4Ph_7gm643a5HJOVmWHFKP8CAlWAeaFe4-EuUcPTntN1QR0dy3qT6_s2Z_tVvJIKIw_bubFkO7YhcY5gLfzbjcCXthrxE=,arbeitsagentur.de,arbeitsagentur.de
P05,Prozedurale Frage,P05_R03,2026-06-16T12:16:48.763953+00:00,gemini-2.5-flash,10,https://vertexaisearch.cloud.google.com/grounding-api-redirect/AUZIYQG_jWdfMTatXig-rPonAX2Dtsu5J8K_Taw873Ttq8rYZ0qr46pLnroU-BlPc7ECGJrogGVy3jvYawgyHzUUESsNSIuGZLKc6SZaJf0zd_HD04CPpskcSWsmzsStSBdYFbUWF1_yde_eGsKfewzo_Gf1BP6Y7qVdwkBS9RURNQOjxWexJ80dNZDj14zKtIhmwL8vSL5w1Kz9rHI=,arbeitsagentur.de,arbeitsagentur.de
P05,Prozedurale Frage,P05_R03,2026-06-16T12:16:48.763953+00:00,gemini-2.5-flash,11,https://vertexaisearch.cloud.google.com/grounding-api-redirect/AUZIYQHHOctu5dNbkcknezagnbj5aHC58-avOd8_barnyXVToTH51FjPxETY2pz_Z9IntfWR5JZIcFZ1g73nEqUnUi0yVnUJpOdC1ZFvfut0SpqwHhto5r8ekdJX1Pu-IRUqi70oY2lNLsLqquDQ7zmgg5HGVKJlENJMYxyyjqxHjYaVwwKV958H_a6usid-,bund.de,bund.de
P05,Prozedurale Frage,P05_R03,2026-06-16T12:16:48.763953+00:00,gemini-2.5-flash,12,https://vertexaisearch.cloud.google.com/grounding-api-redirect/AUZIYQHTv69yNlWWafKg1ybVTfLnrGjDaRUdMcrM95X2tILsRChzsC2bSGXV7KjQ3iNmHSxopjgbyI-O8_db7IF2l5CnFH9Wb4KYNha-xepxxmFd_Q_yJkeetzViNhRu29d1mRa5iIuocg==,kindergeld.org,kindergeld.org
P05,Prozedurale Frage,P05_R03,2026-06-16T12:16:48.763953+00:00,gemini-2.5-flash,13,https://vertexaisearch.cloud.google.com/grounding-api-redirect/AUZIYQHNLGmNlUZKnbsxiR5fVxxAh31nYhQSofdfng2wK-5Tz-nLYn742_scU-x8kLLchhrUt8w4qrya6bG0bx92UnhQVIy1nlKGm6dUJhRC75PH76OuBKYfAaRSoJek2dteVOTs1PiDAwOqGk8CP8uMxYXURvPAo5l6Ghrmg7Bg9Ws-C4qgD4EuKsNW86jwzBkaC-e1tXgFu7mhUTA=,fv-bwl.de,fv-bwl.de
P05,Prozedurale Frage,P05_R03,2026-06-16T12:16:48.763953+00:00,gemini-2.5-flash,14,https://vertexaisearch.cloud.google.com/grounding-api-redirect/AUZIYQEWRp1WCPTRjM4QM1cG7PMLqXcMJcQRy0BrCnxiBJCW1k17xTxa6ZVvBZVq769LeqQ7Qh_q93HPtBzRTpY0gBJQGQN6NH2mjTclCLqV0ywVhFveFIhVHNDmapnSiDLy8HOfviQwcbzzG-4AZa_adnDgREPBwHCR5w==,arbeitsagentur.de,arbeitsagentur.de
P05,Prozedurale Frage,P05_R03,2026-06-16T12:16:48.763953+00:00,gemini-2.5-flash,15,https://vertexaisearch.cloud.google.com/grounding-api-redirect/AUZIYQHnIrvTpplGvSlfxKnU7BNShsYxEz1wTKbviUsP45GtOOTefRLFQX4H6si3cjMrBsgR4fOAHnjSx-NJhVcWzsjvB68xgb8iVfh2sGsY6NHyemxym3kgaoJpLYQhS02UlaPvWguZWKyS,einfach-elterngeld.de,einfach-elterngeld.de
P05,Prozedurale Frage,P05_R03,2026-06-16T12:16:48.763953+00:00,gemini-2.5-flash,16,https://vertexaisearch.cloud.google.com/grounding-api-redirect/AUZIYQE4MO39Uf-axVqLB5UEYsnrkiXDSndr-sMiOAyHIob0mIFsdQBzloRDkSp_1tE3lVJYSU45GXJKawjecEh2E6sZum1Y99ESnnZlb9Cx_yzYNgftJDLwcGxMoKq7qDOhJm20NyXbOvlC82uDm3oE1z90RQE3gZ9Yv4NyPtuotpJvnlMs2WyqUqBl,arbeitsagentur.de,arbeitsagentur.de
P07,Prozedurale Frage,P07_R01,2026-06-16T12:17:41.600354+00:00,gemini-2.5-flash,0,https://vertexaisearch.cloud.google.com/grounding-api-redirect/AUZIYQGb5HbguJWseUPrC7QGmGhGMuzF8BGKXLjrBF6WS-3Vw_fegDJ5je3zqiblWJi9MXreBiRUmgI8HN6RM-4tohx7kM_UZhud_t20sGoMgDVfJaCjaOdtxIrkvvKyJ7IaGsCw4hv9-2TyW5UtX_oWge35t8yAsDX2H8qmFULyV-X2Hifa5-BMjd32hQ6fSOV3Q3yvkdHfOMp51m1T3BD6XPM=,migaku.com,migaku.com
P07,Prozedurale Frage,P07_R01,2026-06-16T12:17:41.600354+00:00,gemini-2.5-flash,1,https://vertexaisearch.cloud.google.com/grounding-api-redirect/AUZIYQFuhbwv2O553H2GPJhlvCjYdeovOB6f-3nhSSUG4zNiTNRav2kkbAA3wyo5VfK0YaGKUet_LG34GIht5rA1UhZMi9QK32EOFqFKrG4cCLM3tYfdTJLxrDjYFDjpDHe1LJpAwLN5VDRc7km8ZoQ0iUVja-Fevb3d4RgWfhGTohLblxs22R_tTuhydohfApAQ1_VXfjni,in-berlin-brandenburg.com,in-berlin-brandenburg.com
P07,Prozedurale Frage,P07_R01,2026-06-16T12:17:41.600354+00:00,gemini-2.5-flash,2,https://vertexaisearch.cloud.google.com/grounding-api-redirect/AUZIYQHYjg4A_Jr4TLGsBtiv8UtL2jwIAkyLmrpiW6FCxOMJO0cyGAzgcfRK13R6fx-zAZjr8JhSgoWMtEpjPv5m2dNUvRvf4QLSHuHpFeal3mHyhqa84yPiYfYj2xIM4TPD2A2smEh5LWzwx0C9ZRyuUVC0v35cESRBcd48dLZrS2ObltIRg00ovg7hwEOaepzC02yiD8TTmQF9SyP-sObAthuP65WDn8RPRPFk_i_1C7spG-jwc-T-BImd,srh-university.de,srh-university.de
P07,Prozedurale Frage,P07_R01,2026-06-16T12:17:41.600354+00:00,gemini-2.5-flash,3,https://vertexaisearch.cloud.google.com/grounding-api-redirect/AUZIYQGhkfrJml-HzXuoHFp7Z3cmM5U9OsyEzcancDvFNYrexrVkXDrCzPmpjlMu7l64kUfCc6viqsw0-90hU80KhaZ1a8wUtJe8nOpLTW00glAA4CerjjF7pJFypl7HVDJNsDdo9NlRu4EVUBNsTCMBXU39DOrq,berlin.de,berlin.de
P07,Prozedurale Frage,P07_R01,2026-06-16T12:17:41.600354+00:00,gemini-2.5-flash,4,https://vertexaisearch.cloud.google.com/grounding-api-redirect/AUZIYQE_yiCUzESTvpcRTF48a1yn_AaxzNW88q51DX6oo3BtftWkEdvcoiXS3CAjMAq_kU9xYnS0DsR3wv8O3oDWSEqrICwLrxFvMOuHyvOlNEStAc_0BufnZgViMHDvpwHzV0yGLtw=,allaboutberlin.com,allaboutberlin.com
P07,Prozedurale Frage,P07_R01,2026-06-16T12:17:41.600354+00:00,gemini-2.5-flash,5,https://vertexaisearch.cloud.google.com/grounding-api-redirect/AUZIYQEDGqXm-BWWU7sGHPrSFheGOay4yjpjpLFoicjKFQaADNSJ9xiLKEgoDDkHiMUhYlXLGheM7dg5Zt_9mSGzl4EfTZtZ0pxNTCa9oEjbBOv5p7q6E1-yQI4IyB6yfG4YNpusJslRAx1nnWdIj9DPeul9ZTcrolZpe3a5_U-DrWAAIcEImOPDZlRnri9dX4bWQr58j0xWjrHkOyuOyJ6eYBnhAGs=,berlin.de,berlin.de
P07,Prozedurale Frage,P07_R01,2026-06-16T12:17:41.600354+00:00,gemini-2.5-flash,6,https://vertexaisearch.cloud.google.com/grounding-api-redirect/AUZIYQGIPReWvbB9oM2Mq5v9Cs4qX0jFDRKwWpJcl5SEOA-MP5Ae5WSWVylFkP0PNPcHGAboIyc9VkET0RuNQxGHAUsOHFDSpbZuKPJ-3rvQ9edLTXGbxTiw8CdX5urhwLVUO-O2sIKiKH9KLQ_C9h5Q50HZHJzSqvaRFV5iaitS1l3JpGhwN3ePOucefw==,ash-berlin.eu,ash-berlin.eu
P07,Prozedurale Frage,P07_R01,2026-06-16T12:17:41.600354+00:00,gemini-2.5-flash,7,https://vertexaisearch.cloud.google.com/grounding-api-redirect/AUZIYQEtkkKMDoZoSt9OewZ-HZ3qdWsFVEDNRoMLAYWQxbVZkCuY1vOBNEVVHqkY06SM99Pde-ubg_UOwGLbsQ6dmQSOioDM0GZDNHR_2pNdL--5NhvbAQPAes1fmIKL0FDFylo0vN4pLjFYZYMcZ068bWOzwopWn8-wfuLsaTOp9Bpth0S65zRp1QTT5kkSzuG2ETstBuovsNDn3hXk2g6AwDmmLA==,berlinstadtservice.de,berlinstadtservice.de
P07,Prozedurale Frage,P07_R01,2026-06-16T12:17:41.600354+00:00,gemini-2.5-flash,8,https://vertexaisearch.cloud.google.com/grounding-api-redirect/AUZIYQF1gw-nMSfi2Tj7qN-BUJYrf08bDm37-vONcq_OyzAz4fuEvNlJr0Shq5z892cHUWPCwLkKeDhBan57A6-d1Y-crdLtiWQvE_qfjSFfJ5KGmla2mHS5w51wvlaIXaCVeUKm80W9cX4LLviYBM0LTM3kMb0khFc_mMXYww1vWD2nGSKuXuxQ7k_pwPzlhGvoS3HbuSgpX8-66DWhpxi3UvhWEjOhE0Gpc955E8a2mYEBpyJ5gA==,fu-berlin.de,fu-berlin.de
P07,Prozedurale Frage,P07_R01,2026-06-16T12:17:41.600354+00:00,gemini-2.5-flash,9,https://vertexaisearch.cloud.google.com/grounding-api-redirect/AUZIYQEfT8Z9TTfcUIIe84BxQBKU7K798GIPwKE3MpvVDQKdpAyGhbce3G_DSrPiYwohKsj5Iz_asyRrRppSQqiWW2AwVkKgZf1tzBvYSPLIxNZlksBMIeyOhFcGsWDihHLVJ1r3pxGSFKnGT6gv754VGNNnE8ok80An44o=,allaboutberlin.com,allaboutberlin.com
P07,Prozedurale Frage,P07_R01,2026-06-16T12:17:41.600354+00:00,gemini-2.5-flash,10,https://vertexaisearch.cloud.google.com/grounding-api-redirect/AUZIYQE4ZsXORaoQ3L9b2DQMP_-qAuPz5UGMvD1F0SEvDWC7_PQdMb5NRSIghzmvZwX5IiStL69N4Utec1-cP-s4P2PRK_cet2RqzLrtdjlWzoHnWEFoWhEovVBwH7oVFWPcUXX7dZj5hjSR,berlin.de,berlin.de
P07,Prozedurale Frage,P07_R01,2026-06-16T12:17:41.600354+00:00,gemini-2.5-flash,11,https://vertexaisearch.cloud.google.com/grounding-api-redirect/AUZIYQHqd_KdArNxgLpUmdvFYO8G97-lYodR4m0bbQaAzo4Zkhef_vAKDdy2bybt77Vtbv3Y-5G4jln4K-8ETSs_2dx7FRge-1lYGzvSiKy2FoeNyEnZ6fysO88CMcE10JPRH8DE-j71gBCeVUzvpkwykYB5t86hhIPlaR3DpGkN_Tn8k0RBGkfMnnl7YeIUyjlWPXL8fYo8DinLzFFBZwME5H_aJNNupa4T4-IrJmtwlj0KqUW_1yx_LZFjQLx0MPiVqOGcjtw1cxk=,berlin.de,berlin.de
P07,Prozedurale Frage,P07_R01,2026-06-16T12:17:41.600354+00:00,gemini-2.5-flash,12,https://vertexaisearch.cloud.google.com/grounding-api-redirect/AUZIYQHmlNALg6l4bi0u161ARRJOuTASwIPc9Jbbh_xOzQFLxgiMM5W5RSr6mcA_VB9uj_e2YBqQbfQdLK7z_uM4GvhLDgsaN-cDsZWT6pFORHOHxEdYIq9rXQTexNsdHjv3LAs3EzlEFvIa6Y6JPv71oKU1Fq3UL04xjPGuBluInPjXn3lqCRFkTSQ0q5Y27ettYnNqZ_UVXPr3FRsar_SczFgq0xfwPVXpl7Gn7Xdb84lXc40Iyco4UDpwoLSg7w==,berlinstadtservice.de,berlinstadtservice.de
P07,Prozedurale Frage,P07_R01,2026-06-16T12:17:41.600354+00:00,gemini-2.5-flash,13,https://vertexaisearch.cloud.google.com/grounding-api-redirect/AUZIYQHe5xeElxKBaMraghhsKTv0Pbt9Jfcs4rRpr1ssU0kEL0frRsuYDmogmJ5aWNU3Q7u75dGZm2R00chgsyMSBW0aOUEJRn9e1eiXykmS-irSguF5HvlvK57AN6S2GMHThKSxfxPfEY8j9WEM,berlin.de,berlin.de
P07,Prozedurale Frage,P07_R01,2026-06-16T12:17:41.600354+00:00,gemini-2.5-flash,14,https://vertexaisearch.cloud.google.com/grounding-api-redirect/AUZIYQHTFE2fFjHZb2z00DjWOx1aLMSsqYcgJC3tgb93lpLu2gC8XSd-TFndWoW3GmC9o6uK_MgOCT-TLKNwfUx7b68ig9wkGu6UXxPSgt2gtTXO3XhX_KODGB2x9L-FRd1SMYg7MQvQ1-1UW2Yab08VcWBi3uc3gtR5hQ==,allaboutberlin.com,allaboutberlin.com
P07,Prozedurale Frage,P07_R01,2026-06-16T12:17:41.600354+00:00,gemini-2.5-flash,15,https://vertexaisearch.cloud.google.com/grounding-api-redirect/AUZIYQENebmhS_5xFYTDElMQilUg0KbWJZ8sE1HQiwp8h-MnXaZbEh3F4FgeaFRWcXKC6hnqR5PFBw8db3jXIhUXNO44PN8ChB6HrWX1mcdkJ_I2P_M4zYaciLDdaAddfNdpAnr3RFcaLNO8_7COslMx-gZNzPooZkhik7I1AAICchJo1zCSdYyVPhIEOh-abVoBvvIxJVd3C_7p0sS4gr9I8X8TQ8sFXvtUqKMQoJnJ,tagesspiegel.de,tagesspiegel.de
P07,Prozedurale Frage,P07_R02,2026-06-16T12:18:00.183692+00:00,gemini-2.5-flash,0,https://vertexaisearch.cloud.google.com/grounding-api-redirect/AUZIYQEmsB9jW7geXVlx0PzPTgaPl7ECQdW9LbSn2JtQUsm-7BaHhWJ2YHCL9XuE8G5sbN9pjvEtagKsTsFwxvnsnWiBdO1HlrjvFxjJwiqcL3xHmqDOWp5TACwMLx_5VyWTvWBMRQhtrFCg6rbd7eYkrxV3glFxDRQVznNfGKCsm920VAhr5wDgF752zHY=,ash-berlin.eu,ash-berlin.eu
P07,Prozedurale Frage,P07_R02,2026-06-16T12:18:00.183692+00:00,gemini-2.5-flash,1,https://vertexaisearch.cloud.google.com/grounding-api-redirect/AUZIYQEdyZ8PURieCA-p267lySZolS4uJGKTCX8bxBmh1JVYFmEhoVQiZRg-xTUDUsx-x7GyFHyyIMV8CxkLPC5I4OtB5JFZ2d67v7Dn3fdaFy0pqM1YOhRkpbH3vGLHYVbK5pTDTHwJJN-eBXA_ow==,berlin.de,berlin.de
P07,Prozedurale Frage,P07_R02,2026-06-16T12:18:00.183692+00:00,gemini-2.5-flash,2,https://vertexaisearch.cloud.google.com/grounding-api-redirect/AUZIYQFM_fgxwH36AUSpiTI9KojMS4kf-FCoOA8Q3GAkdXR9c1sEMJ8i8AMmPUb2dWd4VbdvbjhRu369wnjFBr_XN2KLwzgLS9Q0HAmunVsnkoAQA6Wy_v8DxuTRoGSZPAmMQmEWxyrgB62Ntn8SrkB4bpBN8nz33s22CXLwdCzZec9XSEWuhy1bGU1Rji6rB6UnMvKm6j4yLg==,in-berlin-brandenburg.com,in-berlin-brandenburg.com
P07,Prozedurale Frage,P07_R02,2026-06-16T12:18:00.183692+00:00,gemini-2.5-flash,3,https://vertexaisearch.cloud.google.com/grounding-api-redirect/AUZIYQHwhTz5-P_7zqyT7biva_xtblCiB_kDSxHETUw87qU9ZU__gGSBYS3j5A8yw38MD5WpppMc2P7Jro3WtDuD-U1OscUtawUu3eNzIFTNy9-fl_pWdvFK5IczWULQnmvhISTnHun-EuSGwff1L3sCu_Puvg4Y4-8fW7rcAMUtIAxj9DGyrlz-D0JVRkm16Je6eu3ULrZ1X6Re5NCWFf4f,migaku.com,migaku.com
P07,Prozedurale Frage,P07_R02,2026-06-16T12:18:00.183692+00:00,gemini-2.5-flash,4,https://vertexaisearch.cloud.google.com/grounding-api-redirect/AUZIYQFCbKMjUN7W2mOJOTTb9UCTVDHa_0Dgl4sxvc7_QX83rHnTyNbAuFhBHXplEhQLfAn3f67TdLbyOFWsasWUl3vF8Y8IIMYg7PBJexutW7T_iBxmxrwx-HZ72MathW2xerHFR2wXgNXefnU26Ak4-CZBMtfq5E0Lins=,allaboutberlin.com,allaboutberlin.com
P07,Prozedurale Frage,P07_R02,2026-06-16T12:18:00.183692+00:00,gemini-2.5-flash,5,https://vertexaisearch.cloud.google.com/grounding-api-redirect/AUZIYQGJDDzJgInR9fyHfltGrDKj-kkFj6mZs5B38hcCexq-4iqOnVKpBzbx3SddFcti_jRH5UT329JU9Rd4yVXbcIUExwXWvPTT28HpQihxmnxBX3VghkSb9aS_ALSNzipsBqeQ9batmsAPkl_JP8AilWnD2fh4Jg9F2lii0OgmnKORPfbCcA1rNienhTQmxOITpNfc7g==,businesslocationcenter.de,businesslocationcenter.de
P07,Prozedurale Frage,P07_R02,2026-06-16T12:18:00.183692+00:00,gemini-2.5-flash,6,https://vertexaisearch.cloud.google.com/grounding-api-redirect/AUZIYQHWL6jxCENpp9wpVCjFa8oCBE8O8f512h0IKpKd1wD44UH1a1fJMputg8uhhOzjeFNJIim9suMFTSmWMEkaH6ZCc8E9-IDvK3iW_AuUdpOFykSojHJ7cCus3v4ljfZQYogjkFkmmaSLhiMzI9Ry3PUEScebSw==,berlin.de,berlin.de
P07,Prozedurale Frage,P07_R02,2026-06-16T12:18:00.183692+00:00,gemini-2.5-flash,7,https://vertexaisearch.cloud.google.com/grounding-api-redirect/AUZIYQHswmFjAcg1UGDMiu_xJobLROq8LGSGCdGkja2RRknUpdU36W1FbRAc3yX3eU1dvdFTm8wbzIixmwSyDsZfYxVH9TdNIMRWdt08uLWnZFQdvZmbmEQ8q-cE3ZStgAwxP6KJI1m3NsM=,settle-in-berlin.com,settle-in-berlin.com
P07,Prozedurale Frage,P07_R02,2026-06-16T12:18:00.183692+00:00,gemini-2.5-flash,8,https://vertexaisearch.cloud.google.com/grounding-api-redirect/AUZIYQHiHrI8SJ887ltt0JR3VQKtxGjBzKIQix_XNzpUFUQZSahx6KCH2jBzyVI3SS-ohvciacB-SmYHSJQDZ3wT3-F4f2sgpZQc0OuRGH0wmHy5_-iwnVT-3r7nEZEsED6gqEbhIt1U9YdBG9t2qpKCC7N7lBwqm2aKJHtuhwdKvl-BjvDFCN7QtUiuzMDbkNv5EyO4szNjO4qHnrjJQqeTnhuelnvtUNQKJ6b_82rv4y8mY1IE4zrfmsA=,bund.de,bund.de
P07,Prozedurale Frage,P07_R02,2026-06-16T12:18:00.183692+00:00,gemini-2.5-flash,9,https://vertexaisearch.cloud.google.com/grounding-api-redirect/AUZIYQEOc_vH6uMaRpurcUpVQO6zPROrtgNk1zko5wUe9e_RI0XPLlaE9tRywn_x4nN0HTKBCybsnHtiorU0W-kSFqlyBdG0c8YID_KgJiPEGItZP5LIQNjk8XwbQXcGaB7oWNHI3JAkddV6kqRSN_5Acg==,berlin.de,berlin.de
P07,Prozedurale Frage,P07_R02,2026-06-16T12:18:00.183692+00:00,gemini-2.5-flash,10,https://vertexaisearch.cloud.google.com/grounding-api-redirect/AUZIYQG_kK3ZYmI9ekbHNoSgpivFm9Y08DBeEEgRittY4lhWDyDOutPo4pQydHcI9TCwHZ_tzbHc_7b54OIAhCRnkVjhq6gaotu8LcTPrL8qewp1st6QIxMrZJdOPy7iZ2NABGwH7Sfx_IIMO08H_u8EpXFP5TiOpOW5M_hAx2TTD_cnnHy2hCca7ZVEB4PzMSoXzF9xBHVQK-kgROVHROeXVbnAub5AK0y0PiNglYV53Bz5AH3MLg==,berlinstadtservice.de,berlinstadtservice.de
P10,Aktuelles Thema,P10_R01,2026-06-16T12:19:30.820606+00:00,gemini-2.5-flash,0,https://vertexaisearch.cloud.google.com/grounding-api-redirect/AUZIYQFUWUkmQHnlr62vMnhnA9ZRGtAK1TJbPeGj3B_GYnmFPiL6iah9-SmVqfRA1YMmR9HaUziBysWOU6r3eJXqaZ3czsGLneP1VmHnZwn7laRskdOSnrouFndRNNHT3zm0CdGQgSv7MO3W5_oB0Guce0oCMxIZLh-Fsb5zHlKEq1OgTW29x_deJHjo0yX3vtOwRm-UQg==,bundesregierung.de,bundesregierung.de
P10,Aktuelles Thema,P10_R01,2026-06-16T12:19:30.820606+00:00,gemini-2.5-flash,1,https://vertexaisearch.cloud.google.com/grounding-api-redirect/AUZIYQFxjENT0tpvaWm4HLh-vy0IHqYqtdEV-T6Y50ws6bdYgFhHX-CDDpXIGQF5QPj8tWRVSvd1UJcui-8sTD8i3MIuOdYBWCov6rm5rJcPXuJsmbjraSTE_pPuzJ9lr6sr9PTVlFacVNDR34sFtESS9jvuSvxAl0yByeqh0_X6gRxqsKBL75TQMZMj,web.de,web.de
P10,Aktuelles Thema,P10_R01,2026-06-16T12:19:30.820606+00:00,gemini-2.5-flash,2,https://vertexaisearch.cloud.google.com/grounding-api-redirect/AUZIYQEqq26xpf9h3BKHhP0R6lkrM0Xfirv5Z0oAf6jJeVYT5fIG38lElDvxjcUIE2WGg2rNPwzNfztS0z3xzj077wQdbA8C0RfEUo76eEG5gBTotN3Wp2xbqnFSzmvZKWAHJIuCSzCbMg_ft7yEsV6dKvAYiNhBQin1YzfCKl1YPb9hsz4epnac1EKC2agBh-oP,bundestag.de,bundestag.de
P10,Aktuelles Thema,P10_R01,2026-06-16T12:19:30.820606+00:00,gemini-2.5-flash,3,https://vertexaisearch.cloud.google.com/grounding-api-redirect/AUZIYQE9_g8ZVGXXIYNoLyAkNEXDD3UgmI3a6vf4QAYv4Vbst4i-f4kanpcVkRu1W8A_5VNLmlnqsVacoDOW1E4rKU8xYBBqjjl10qrkxbrCENyefzH3i8cXLNhplwwJq8P0-EbGWjZAUVfE3YsHkw-S8t7G0k_erKqzj2RdBmvtjSGH1RvHd1ADqaJF9mXUyT7e,bundesregierung.de,bundesregierung.de
P10,Aktuelles Thema,P10_R01,2026-06-16T12:19:30.820606+00:00,gemini-2.5-flash,4,https://vertexaisearch.cloud.google.com/grounding-api-redirect/AUZIYQH8-fXNBpxaA16CUF3Bgw5IeWvckh9C58kEnGSvIc1DCSrqhBDMYajVzeBN6DBzsjvT3NJymHlSV4a3CoqiWis9jQhlPxDYTpTCFAoXi8Li_0wq0p5Dp5-GwI8VCbKK9quJRmLas2xuQkDzMxpCcw==,deutschlandfunk.de,deutschlandfunk.de
P10,Aktuelles Thema,P10_R01,2026-06-16T12:19:30.820606+00:00,gemini-2.5-flash,5,https://vertexaisearch.cloud.google.com/grounding-api-redirect/AUZIYQHpzNVWN64yCTCPZrWtgJ8gLJynj7U7qMfOt3s40Gt3ilGCPtDIAhavH7nfaoILx_KVQIYdZcBmgjaIbpDqD_GuNiasbU1UvnDdQkZLsxjc4vyEbvjRTAW-Eap-6gAs_YjNpav4aXhSh30U89pLuZ4Az4cOP1BHehx2ae3x1r8k_NoZ9JnqV2EwhOwo2bLB95ZBFWEAX9ebLpysN59XEidSrFYShGYqLIUxy0hPGi0=,zdfheute.de,zdfheute.de
P10,Aktuelles Thema,P10_R01,2026-06-16T12:19:30.820606+00:00,gemini-2.5-flash,6,https://vertexaisearch.cloud.google.com/grounding-api-redirect/AUZIYQEa_rbo7wCv9K_Nk-CAm5qTUbpLgw4usqOzx4d4Yo9-YDB-t_nKIDaQOMBmOrOQ074Aj33zepx93khvsmvtHc3u5OvK30RFJMBDHWc8-D_t6-i0A6VWV7uA_GIsAsAJhazFYxyiMhM=,welt.de,welt.de
P10,Aktuelles Thema,P10_R01,2026-06-16T12:19:30.820606+00:00,gemini-2.5-flash,7,https://vertexaisearch.cloud.google.com/grounding-api-redirect/AUZIYQHzAFY_R7fTE5ofq4yAqh8K5X9OPNaWvONGKshOw-Lpx6lg_vp_VRqPr7-LQ0_20itIG9u8jYiG6JbZa5mR-Yhg71h8qf8AHs5-lsbAaZoJ3lUC5z-FOOvkj3vVmp9Zl6s_G3bXdmJyfOjQiOya-dTAncQ=,deutschlandfunk.de,deutschlandfunk.de
P10,Aktuelles Thema,P10_R01,2026-06-16T12:19:30.820606+00:00,gemini-2.5-flash,8,https://vertexaisearch.cloud.google.com/grounding-api-redirect/AUZIYQEJE5nhaLbTNRlzYo4Plyf7w0iEXbUo51YmaA8Za_8WMyz5potCqXkBVJ5C54Hd3LKRRenAHvdka_cDd7EItH7xp1cBP9j2FlsaTVO5pei-mzXnaKMsMR5CXlLJHt_EQFMeniOLsq8LlA==,welt.de,welt.de
P10,Aktuelles Thema,P10_R01,2026-06-16T12:19:30.820606+00:00,gemini-2.5-flash,9,https://vertexaisearch.cloud.google.com/grounding-api-redirect/AUZIYQHAWdfZ9MdwsMDTS5ApCSp7gxgYDg4P_YbkQzrSUmiHiFdZ8OxgWx19Kd2siUq5E1A_mCuUzaiXP-hqyVrR5Dqi3JaxkYnEQ57g6yvyZ2js8FWxtsRimKs1yMO7n8hXG5RPiAGFiLs1WhS-woDli5hDhqJRuGI8_XyS-qe-abc=,bundesregierung.de,bundesregierung.de
P10,Aktuelles Thema,P10_R01,2026-06-16T12:19:30.820606+00:00,gemini-2.5-flash,10,https://vertexaisearch.cloud.google.com/grounding-api-redirect/AUZIYQFjc7DAoJcaZuOFyz1xA1lmXJbrCvzgoCpE8gFbGohqHYOUdIxowDeDbdhCAPuGvQ32vvaQvS44Hi7TP6XgOR70qCwgdFAvRtNeJT-X-VR5aBqYS3SVsSLXYGpPcD5Yri2JlekcmT8kY77SWfdU0kOfBotKjQWn4i81t6mzDUdkNNXyjAfaKSf1,auswaertiges-amt.de,auswaertiges-amt.de
P10,Aktuelles Thema,P10_R02,2026-06-16T12:19:47.820713+00:00,gemini-2.5-flash,0,https://vertexaisearch.cloud.google.com/grounding-api-redirect/AUZIYQFYyQrKy4GTd3906cyQ3EC1smjhYQUunZO_9lfChOVcrQD6535B0w9hfacZzFaR-k1fa3YZiODOg0vsgDstwHeRtYtb7pszcD_EOTZ_Do9WZ4Ik7r1kXp0qK9LnfiJ_H3AILafjhjoZayWALHCFaEImwThTlEpI2r3PTuqv8CJ16rdxCBbVWcgDF5No3iaQo7HaBQ==,bundesregierung.de,bundesregierung.de
P10,Aktuelles Thema,P10_R02,2026-06-16T12:19:47.820713+00:00,gemini-2.5-flash,1,https://vertexaisearch.cloud.google.com/grounding-api-redirect/AUZIYQEq6iknoIwc6mxZPpcS6wxGkuPS263g9KwV8xhICfqughQaLte15ocB321w9PdDEWKfn2YJ9AolpyZb2qKExkb6XZHOSShehLf4gaRPsxhPWSgYFS_IdHVKcsDpSJCH11xKi0S-hZM1pQ==,welt.de,welt.de
P10,Aktuelles Thema,P10_R02,2026-06-16T12:19:47.820713+00:00,gemini-2.5-flash,2,https://vertexaisearch.cloud.google.com/grounding-api-redirect/AUZIYQECgq2p_-wRuRSMZ9ZpYsdmxapP30Y8DSDyjpK1RVu-AKeE4gSYU_1CkA33bLIRaB-tzyf4qoXKj2-zDRqD09neSmFWJGQbNap8Fe0B3I02RvbIq7g4DLinJ1I-QHS6gv6bI_gJq52M9yuaN8tVhbRMEhwbzRXFDS_Pat-kdd0e85Gf7cC-j-wa,web.de,web.de
P10,Aktuelles Thema,P10_R02,2026-06-16T12:19:47.820713+00:00,gemini-2.5-flash,3,https://vertexaisearch.cloud.google.com/grounding-api-redirect/AUZIYQET0aWCyU6pypG-TQpe7GpclR8rpoa7KEQj51jC2OejHX4nILlJBvd4ouWnZofTmW3qPwq62dlrp9uHwF-R8RSsFOhIkmj7GCAdSkN0gOKzQn_fi0NjLLOp_T9Gt8GBWJdADThWfH3lRJZCnpNHwVQwlwC85e4tzOIV2UfPbkYBKZkBezOnNN48O8gGc2Js,bundestag.de,bundestag.de
P10,Aktuelles Thema,P10_R02,2026-06-16T12:19:47.820713+00:00,gemini-2.5-flash,4,https://vertexaisearch.cloud.google.com/grounding-api-redirect/AUZIYQEiQaLA5c1_1p4E7QeDOASsxEM-4VyzFleDFzSs1y58VdIJvK7YlgbSIoVT9kg4bfpnnlQQlZsF_S0zERsOyhzud1129kiQV4ke-k1JT_k706x8I2ij6tob90zXfnuYdULGaY-hUcvWsTl9M1Gu7VfReTlRuEfdxvkMBv6BVqmLAV63VcG8jQ8j46HIoeiY,bundesregierung.de,bundesregierung.de
P10,Aktuelles Thema,P10_R02,2026-06-16T12:19:47.820713+00:00,gemini-2.5-flash,5,https://vertexaisearch.cloud.google.com/grounding-api-redirect/AUZIYQHekhgFILNjSuFwxzaHa-akzE-pgOaEfcD-bLtTHi5Zi3CPauD-tKeBSl1Bf76-KfySrqcUAyKYxvJcILoA3UG0Z_ek1mMalOMs_HTz22uQajuibIPc-apxbr-G9sds_8HPqLUMgKc2Rlfm1sScu8xZ_REs9597yRdovPXTybVtjbjwZ60U-TSUaKwyZJchzVEDfgT9OkVqYFLfRTFJcdP6Jhad_F9xpEo2lwHeDpo=,zdfheute.de,zdfheute.de
P10,Aktuelles Thema,P10_R02,2026-06-16T12:19:47.820713+00:00,gemini-2.5-flash,6,https://vertexaisearch.cloud.google.com/grounding-api-redirect/AUZIYQHCffUS9MKzvRLSV6W5PQV14_EwpODI_1-rmyerNxtEqZd1o0B915g1BivKccU65yJUeMh0WTlz8q2YXo_EBGZvkRfDkNLGtqq9-yerTrzDtW_cNaqgwJoEu6KGs043FYMqd68bg-A=,welt.de,welt.de
P10,Aktuelles Thema,P10_R02,2026-06-16T12:19:47.820713+00:00,gemini-2.5-flash,7,https://vertexaisearch.cloud.google.com/grounding-api-redirect/AUZIYQEnf3HaCrZFOszMcPRDqdpdGBm7LCp4s8l94GyVAKHylMR-78prE6jU8PYMiXCeTIO52diGEoqvYlNb1jJJGFmCf-0Cn2GNp8tegl1w4mmpH7qS1G-EEYeL0arYg2NadoP7El-VqmEdmZOr65oy9w==,deutschlandfunk.de,deutschlandfunk.de
P10,Aktuelles Thema,P10_R02,2026-06-16T12:19:47.820713+00:00,gemini-2.5-flash,8,https://vertexaisearch.cloud.google.com/grounding-api-redirect/AUZIYQEdjbJTYKFUuM7NoPrzezpViM5N0gi5q98Ifn27t6aZuYp3StVaw2L7qMcmpaoYEJgbon4YRVNM4YxNFkhT2ndRJmvC-hfmXrPYyt7rTzEUEfQlEtVIHwOs2Sm_hN1jQz0Il1tPsQsmYfJHcCvepOYg-r0=,deutschlandfunk.de,deutschlandfunk.de
P10,Aktuelles Thema,P10_R02,2026-06-16T12:19:47.820713+00:00,gemini-2.5-flash,9,https://vertexaisearch.cloud.google.com/grounding-api-redirect/AUZIYQHp0Lm6w1rrPvV8NE2XFyxi7DMfb6Cl0F4JP5q2cErABMGCVjmF0sZzU1rDGfgmv8Cj8ObfltodVCidodQ0vu0IIEEs2Hb57UdEMQY7Khu3YXSL2vdTMkDlLZbVmgvmsusCiGuRkSU9w6z3SMy49GUXApCyMRUdshMgCtgD5EY=,bundesregierung.de,bundesregierung.de
P10,Aktuelles Thema,P10_R02,2026-06-16T12:19:47.820713+00:00,gemini-2.5-flash,10,https://vertexaisearch.cloud.google.com/grounding-api-redirect/AUZIYQGKoW1fZCyeDWIixKrgDWoQ_6Xy_0_AId9Yp3YLDjYf-Futdkt834JjfZAxVmBoQOBDjtw7ZL3FHz_yyBeu_YmAUEgbMTlkRuzq4LOPjGQ5lZTBueAV8CXEgY9n260HjnT4LbGUSCZwUwWzRZrVFeBP4IrMORrAJhe3Am3MXxZUvWNtObWhxtM9,auswaertiges-amt.de,auswaertiges-amt.de
P10,Aktuelles Thema,P10_R02,2026-06-16T12:19:47.820713+00:00,gemini-2.5-flash,11,https://vertexaisearch.cloud.google.com/grounding-api-redirect/AUZIYQEsqJT2UQi03K9OD3eBHK4MYf9gC5xHHsh3kktDVcCHpljn1UfRgwRimUoFEfFcQBybL948KYlweIgGr4GDl0NiJ7VEuAAgVJUFQN_TK-z-RzhBOVR4TeMuFsUZQ4PwJ7S77ErwGQf6dQ73tA==,bundesregierung.de,bundesregierung.de
P10,Aktuelles Thema,P10_R02,2026-06-16T12:19:47.820713+00:00,gemini-2.5-flash,12,https://vertexaisearch.cloud.google.com/grounding-api-redirect/AUZIYQGrxwEa6e9WmVV0hhmagZM8koO3s6wUWHfFzvsdXP33pnnGOerrXEfff0lOTMckFfLx0VhddP9AtZjL_gf58aES9Kxk3Eo81D4WN7rfBrO4uBO2vcjB0xV3qgTBjlF9AWeSwLHACoeBaKWPoOuCxjpORwAghbSpErorPeTcmgSJWg==,bundesregierung.de,bundesregierung.de
P10,Aktuelles Thema,P10_R02,2026-06-16T12:19:47.820713+00:00,gemini-2.5-flash,13,https://vertexaisearch.cloud.google.com/grounding-api-redirect/AUZIYQEGBsp6erSTvYPirHZ2fjqcgA5DPQ-X7dIQXBRN7Nz7fdKfBZ-A7dQH-OnJDQJSfNLvfGKlvNk-JwFLQQ7Fa0IYeTpZw3GEoSw6O91uIFsUErDaqz7iCDZY4wLBhicjOZ_syxCQVcsl,bundeskanzler.de,bundeskanzler.de
